{
  "stations": {
    "Alt-Tegel": {
      "id": 5718454109,
      "name": "Alt-Tegel",
      "label": "Alt-Tegel ",
      "position": {
        "lat": 52.5894565,
        "lon": 13.2837514
      }
    },
    "Borsigwerke": {
      "id": 3862380796,
      "name": "Borsigwerke",
      "label": "Borsigwerke",
      "position":{
        "lat": 52.5818407,
        "lon": 13.2905918
      }
    },
    "Holzhauser Straße": {
      "id": 3859032226,
      "name": "Holzhauser Straße",
      "label": "Holzhauser Straße",
      "position": {
        "lat": 52.575692,
        "lon": 13.2961132
      }
    },
    "Otisstraße": {
      "id": 3859009452,
      "name": "Otisstraße",
      "label": "Otisstraße",
      "position": {
        "lat": 52.5710338,
        "lon": 13.3029254
      }
    },
    "Scharnweberstraße": {
      "id": 3858932763,
      "name": "Scharnweberstraße",
      "label": "Scharnweberstraße",
      "position": {
        "lat": 52.5668172,
        "lon": 13.3126219
      }
    },
    "Kurt-Schumacher-Platz": {
      "id": 3858818979,
      "name": "Kurt-Schumacher-Platz",
      "label": "Kurt-Schumacher-Platz",
      "position": {
        "lat": 52.5632274,
        "lon": 13.327129
      }
    },
    "Afrikanische Straße": {
      "id": 3858579923,
      "name": "Afrikanische Straße",
      "label": "Afrikanische Straße",
      "position": {
        "lat": 52.5602382,
        "lon": 13.3346178
      }
    },
    "Rehberge": {
      "id": 3854167532,
      "name": "Rehberge",
      "label": "Rehberge",
      "position": {
        "lat": 52.5566893,
        "lon": 13.3409843
      }
    },
    "Seestraße": {
      "id": 3772787174,
      "name": "Seestraße",
      "label": "Seestraße",
      "position": {
        "lat": 52.5498029,
        "lon": 13.3531176
      }
    },
    "Leopoldplatz": {
      "id": 3772836700,
      "name": "Leopoldplatz",
      "label": " Leopoldplatz",
      "position": {
        "lat": 52.5463833,
        "lon": 13.3591672
      }
    },
    "Wedding": {
      "id": 2924245392,
      "name": "Wedding",
      "label": "Wedding",
      "position": {
        "lat": 52.5430625,
        "lon": 13.3650375
      }
    },
    "Nauener Platz": {
      "id": 3933566460,
      "name": "Nauener Platz",
      "label": "Nauener\nPlatz ",
      "position": {
        "lat": 52.5514056,
        "lon": 13.3671696
      }
    },
    "Osloer Straße": {
      "id": 3983548303,
      "name": "Osloer Straße",
      "label": " Osloer Straße",
      "position": {
        "lat": 52.5571597,
        "lon": 13.3732715
      }
    },
    "Amrumer Straße": {
      "id": 29045595,
      "name": "Amrumer Straße",
      "label": "Amrumer Straße",
      "position": {
        "lat": 52.5423332,
        "lon": 13.3501546
      }
    },
    "Reinickendorfer Straße": {
      "id": 5198810677,
      "name": "Reinickendorfer Straße",
      "label": "Reinickendorfer\nStraße",
      "position": {
        "lat": 52.5400429,
        "lon": 13.3702888
      }
    },
    "Westhafen": {
      "id": 3876909306,
      "name": "Westhafen",
      "label": "Westhafen",
      "position": {
        "lat": 52.536735,
        "lon": 13.3425741
      }
    },
    "Birkenstraße": {
      "id": 3959201657,
      "name": "Birkenstraße",
      "label": "Birkenstraße",
      "position": {
        "lat": 52.5323818,
        "lon": 13.3413533
      }
    },
    "Schwartzkopffstraße": {
      "id": 3906729688,
      "name": "Schwartzkopffstraße",
      "label": "Schwartzkopffstraße",
      "position": {
        "lat": 52.5351574,
        "lon": 13.377318
      }
    },
    "Naturkundemuseum": {
      "id": 5116771727,
      "name": "Naturkundemuseum",
      "label": "Naturkundemuseum",
      "position": {
        "lat": 52.5310582,
        "lon": 13.3824489
      }
    },
    "Oranienburger Tor": {
      "id": 3928759793,
      "name": "Oranienburger Tor",
      "label": "Oranienburger Tor",
      "position": {
        "lat": 52.5255998,
        "lon": 13.3873583
      }
    },
    "Friedrichstraße": {
      "id": 3869306768,
      "name": "Friedrichstraße",
      "label": "Friedrichstraße",
      "position": {
        "lat": 52.5202635,
        "lon": 13.3882862
      }
    },
    "Unter den Linden": {
      "id": null,
      "name": "Unter den Linden",
      "label": "Unter den Linden",
      "position": {
        "lat": 52.5170,
        "lon": 13.3889
      }
    },
    "Rotes Rathaus": {
      "id": null,
      "name": "Rotes Rathaus",
      "label": "Rotes\nRathaus",
      "position": {
       "lat": 52.518889,
       "lon": 13.408056
      }
    },
    "Museumsinsel": {
      "id": null,
      "name": "Museumsinsel",
      "label": "Museums-\ninsel",
      "position": {
        "lat": 52.517403,
        "lon": 13.398203
      }
    },
    "Stadtmitte": {
      "id": 3352091173,
      "name": "Stadtmitte",
      "label": "Stadtmitte",
      "position": {
        "lat": 52.5121459,
        "lon": 13.3905632
      }
    },
    "Kochstraße": {
      "id": 5116771809,
      "name": "Kochstraße",
      "label": "Kochstraße",
      "position": {
        "lat": 52.5060447,
        "lon": 13.3906125
      }
    },
    "Hallesches Tor": {
      "id": 3854590997,
      "name": "Hallesches Tor",
      "label": "Hallesches Tor",
      "position": {
        "lat": 52.4977596,
        "lon": 13.3906496
      }
    },
    "Hallesches Tor 2": {
      "id": 3854590997,
      "name": "Hallesches Tor",
      "label": "",
      "position": {
        "lat": 52.4977596,
        "lon": 13.3906496
      }
    },
    "Mehringdamm": {
      "id": 3949521962,
      "name": "Mehringdamm",
      "label": "Mehringdamm ",
      "position": {
        "lat": 52.4941308,
        "lon": 13.3886168
      }
    },
    "Platz der Luftbrücke": {
      "id": 3887567777,
      "name": "Platz der Luftbrücke",
      "label": "Platz der Luftbrücke",
      "position": {
        "lat": 52.4860843,
        "lon": 13.3859508
      }
    },
    "Paradestraße": {
      "id": 3949521963,
      "name": "Paradestraße",
      "label": "Paradestraße",
      "position": {
        "lat": 52.4780189,
        "lon": 13.3862561
      }
    },
    "Tempelhof": {
      "id": 5679382211,
      "name": "Tempelhof",
      "label": "Tempelhof",
      "position": {
        "lat": 52.469568,
        "lon": 13.385629
      }
    },
    "Alt-Tempelhof": {
      "id": 3948690912,
      "name": "Alt-Tempelhof",
      "label": "Alt-Tempelhof",
      "position": {
        "lat": 52.4655217,
        "lon": 13.3856299
      }
    },
    "Kaiserin-Augusta-Straße": {
      "id": 3898068655,
      "name": "Kaiserin-Augusta-Straße",
      "label": "Kaiserin-Augusta-Straße",
      "position": {
        "lat": 52.4599764,
        "lon": 13.3846346
      }
    },
    "Ullsteinstraße": {
      "id": 3948690916,
      "name": "Ullsteinstraße",
      "label": "Ullsteinstraße",
      "position": {
        "lat": 52.4537449,
        "lon": 13.3844659
      }
    },
    "Westphalweg": {
      "id": 3898404805,
      "name": "Westphalweg",
      "label": "Westphalweg",
      "position": {
        "lat": 52.4462674,
        "lon": 13.3856905
      }
    },
    "Alt-Mariendorf": {
      "id": 3884823930,
      "name": "Alt-Mariendorf",
      "label": "Alt-Mariendorf",
      "position": {
        "lat": 52.4396754,
        "lon": 13.3875138
      }
    },
    "Franz-Neumann-Platz": {
      "id": 3895235324,
      "name": "Franz-Neumann-Platz",
      "label": "Franz-Neumann-Platz",
      "position": {
        "lat": 52.5645392,
        "lon": 13.3639236
      }
    },
    "Residenzstraße": {
      "id": 3895051317,
      "name": "Residenzstraße",
      "label": "Residenzstraße",
      "position": {
        "lat": 52.5711895,
        "lon": 13.3604739
      }
    },
    "Paracelsus-Bad": {
      "id": 3894910680,
      "name": "Paracelsus-Bad",
      "label": "Paracelsus-Bad",
      "position": {
        "lat": 52.5742433,
        "lon": 13.348511
      }
    },
    "Lindauer Allee": {
      "id": 29190897,
      "name": "Lindauer Allee",
      "label": "Lindauer Allee",
      "position": {
        "lat": 52.5754161,
        "lon": 13.3384251
      }
    },
    "Karl-Bonhoeffer-Nervenklinik": {
      "id": 5219721338,
      "name": "Karl-Bonhoeffer-Nervenklinik",
      "label": "Karl-Bonhoeffer-Nervenklinik",
      "position": {
        "lat": 52.5786231,
        "lon": 13.3335031
      }
    },
    "Rathaus Reinickendorf": {
      "id": 107606908,
      "name": "Rathaus Reinickendorf",
      "label": "Rathaus Reinickendorf",
      "position": {
        "lat": 52.5883733,
        "lon": 13.3259254
      }
    },
    "Wittenau": {
      "id": 5219721339,
      "name": "Wittenau",
      "label": " Wittenau",
      "position": {
        "lat": 52.5956412,
        "lon": 13.3347115
      }
    },
    "Pankstraße": {
      "id": 3933855829,
      "name": "Pankstraße",
      "label": "Pankstraße",
      "position": {
        "lat": 52.5522617,
        "lon": 13.3814583
      }
    },
    "Gesundbrunnen": {
      "id": 2461322542,
      "name": "Gesundbrunnen",
      "label": "Gesundbrunnen",
      "position": {
        "lat": 52.5488223,
        "lon": 13.3883057
      }
    },
    "Voltastraße": {
      "id": 3844356478,
      "name": "Voltastraße",
      "label": "Voltastraße",
      "position": {
        "lat": 52.5422898,
        "lon": 13.392876
      }
    },
    "Bernauer Straße": {
      "id": 5713944071,
      "name": "Bernauer Straße",
      "label": "Bernauer Straße",
      "position": {
        "lat": 52.5374381,
        "lon": 13.3966175
      }
    },
    "Rosenthaler Platz": {
      "id": 1498939809,
      "name": "Rosenthaler Platz",
      "label": "Rosenthaler Platz",
      "position": {
        "lat": 52.5298999,
        "lon": 13.4011206
      }
    },
    "Weinmeisterstraße": {
      "id": 3867910440,
      "name": "Weinmeisterstraße",
      "label": "Weinmeisterstraße",
      "position": {
        "lat": 52.5254666,
        "lon": 13.4050194
      }
    },
    "Alexanderplatz": {
      "id": 4598414751,
      "name": "Alexanderplatz",
      "label": "Alexanderplatz ",
      "position": {
        "lat": 52.5215849,
        "lon": 13.4139082
      }
    },
    "Jannowitzbrücke": {
      "id": 29494301,
      "name": "Jannowitzbrücke",
      "label": "Jannowitzbrücke",
      "position": {
        "lat": 52.5153554,
        "lon": 13.4181732
      }
    },
    "Heinrich-Heine-Straße": {
      "id": 5713678269,
      "name": "Heinrich-Heine-Straße",
      "label": "Heinrich-Heine-Straße",
      "position": {
        "lat": 52.5104484,
        "lon": 13.4160272
      }
    },
    "Moritzplatz": {
      "id": 3844467019,
      "name": "Moritzplatz",
      "label": "Moritzplatz",
      "position": {
        "lat": 52.5036623,
        "lon": 13.4107479
      }
    },
    "Kottbusser Tor": {
      "id": 3900136339,
      "name": "Kottbusser Tor",
      "label": "Kottbusser\nTor",
      "position": {
        "lat": 52.4989853,
        "lon": 13.4183107
      }
    },
    "Kottbusser Tor 2": {
      "id": 3900136339,
      "name": "Kottbusser Tor",
      "label": "",
      "position": {
        "lat": 52.4989853,
        "lon": 13.4183107
      }
    },
    "Hausvogteiplatz": {
      "id": 3947836158,
      "name": "Hausvogteiplatz",
      "label": "Hausvogtei-\nplatz",
      "position": {
        "lat": 52.5133502,
        "lon": 13.395591
      }
    },
    "Spittelmarkt": {
      "id": 3904674211,
      "name": "Spittelmarkt",
      "label": "Spittelmarkt",
      "position": {
        "lat": 52.5112959,
        "lon": 13.4041155
      }
    },
    "Märkisches Museum": {
      "id": 4940731304,
      "name": "Märkisches Museum",
      "label": "Märki-\nsches\nMuseum",
      "position": {
        "lat": 52.5123348,
        "lon": 13.4101754
      }
    },
    "Klosterstraße": {
      "id": 3876077784,
      "name": "Klosterstraße",
      "label": "Klosterstraße",
      "position": {
        "lat": 52.5172347,
        "lon": 13.4124323
      }
    },
    "Rosa-Luxemburg-Platz": {
      "id": 5219756617,
      "name": "Rosa-Luxemburg-Platz",
      "label": "Rosa-Luxemburg-\nPlatz",
      "position": {
        "lat": 52.5276951,
        "lon": 13.4104868
      }
    },
    "Senefelderplatz": {
      "id": 3916325095,
      "name": "Senefelderplatz",
      "label": "Senefelderplatz",
      "position": {
        "lat": 52.5323899,
        "lon": 13.4126861
      }
    },
    "Eberswalder Straße": {
      "id": 5713678270,
      "name": "Eberswalder Straße",
      "label": "Eberswalder Straße",
      "position": {
        "lat": 52.5415154,
        "lon": 13.4121769
      }
    },
    "Schönhauser Allee": {
      "id": 5219721336,
      "name": "Schönhauser Allee",
      "label": "Schönhauser Allee",
      "position": {
        "lat": 52.5494885,
        "lon": 13.4137114
      }
    },
    "Vinetastraße": {
      "id": 3896661775,
      "name": "Vinetastraße",
      "label": "Vinetastraße",
      "position": {
        "lat": 52.5593248,
        "lon": 13.413278
      }
    },
    "Pankow": {
      "id": 5220107618,
      "name": "Pankow",
      "label": "Pankow",
      "position": {
        "lat": 52.56678,
        "lon": 13.4117203
      }
    },
    "Schillingstraße": {
      "id": 3876218098,
      "name": "Schillingstraße",
      "label": "Schillingstraße",
      "position": {
        "lat": 52.52079,
        "lon": 13.4211125
      }
    },
    "Strausberger Platz": {
      "id": 3846589198,
      "name": "Strausberger Platz",
      "label": "Strausberger Platz",
      "position": {
        "lat": 52.5180981,
        "lon": 13.4315264
      }
    },
    "Weberwiese": {
      "id": 3846755695,
      "name": "Weberwiese",
      "label": "Weberwiese",
      "position": {
        "lat": 52.5167465,
        "lon": 13.4447135
      }
    },
    "Frankfurter Tor": {
      "id": 3876349058,
      "name": "Frankfurter Tor",
      "label": "Frankfurter Tor",
      "position": {
        "lat": 52.515818,
        "lon": 13.4539745
      }
    },
    "Samariterstraße": {
      "id": 3935369912,
      "name": "Samariterstraße",
      "label": "Samariterstraße",
      "position": {
        "lat": 52.5147399,
        "lon": 13.4644405
      }
    },
    "Frankfurter Allee": {
      "id": 3799307108,
      "name": "Frankfurter Allee",
      "label": "Frankfurter Allee",
      "position": {
        "lat": 52.5136227,
        "lon": 13.4754364
      }
    },
    "Magdalenenstraße": {
      "id": 3933477401,
      "name": "Magdalenenstraße",
      "label": "Magdalenenstraße",
      "position": {
        "lat": 52.5124541,
        "lon": 13.4870792
      }
    },
    "Lichtenberg": {
      "id": 3950105985,
      "name": "Lichtenberg",
      "label": "Lichtenberg",
      "position": {
        "lat": 52.5111151,
        "lon": 13.4986022
      }
    },
    "Friedrichsfelde": {
      "id": 193661797,
      "name": "Friedrichsfelde",
      "label": "Friedrichsfelde",
      "position": {
        "lat": 52.5061644,
        "lon": 13.5128387
      }
    },
    "Tierpark": {
      "id": 4598319045,
      "name": "Tierpark",
      "label": "Tierpark",
      "position": {
        "lat": 52.4977241,
        "lon": 13.5229595
      }
    },
    "Biesdorf-Süd": {
      "id": 557840857,
      "name": "Biesdorf-Süd",
      "label": "Biesdorf-Süd",
      "position": {
        "lat": 52.4996047,
        "lon": 13.5465321
      }
    },
    "Elsterwerdaer Platz": {
      "id": 557830030,
      "name": "Elsterwerdaer Platz",
      "label": "Elsterwerdaer Platz",
      "position": {
        "lat": 52.5052929,
        "lon": 13.560878
      }
    },
    "Wuhletal": {
      "id": null,
      "name": "Wuhletal",
      "label": "Wuhletal",
      "position": {
        "lat": 52.512844,
        "lon": 13.575842
      }
    },
    "Kaulsdorf-Nord": {
      "id": 3933477399,
      "name": "Kaulsdorf-Nord",
      "label": "Kaulsdorf-Nord",
      "position": {
        "lat": 52.5211535,
        "lon": 13.5889176
      }
    },
    "Kienberg (Gärten der Welt)": {
      "id": 3933477404,
      "name": "Kienberg (Gärten der Welt)",
      "label": "Kienberg (Gärten der Welt)",
      "position": {
        "lat": 52.5286152,
        "lon": 13.5906369
      }
    },
    "Cottbusser Platz": {
      "id": 3933477396,
      "name": "Cottbusser Platz",
      "label": "Cottbusser Platz",
      "position": {
        "lat": 52.5338331,
        "lon": 13.5964015
      }
    },
    "Hellersdorf": {
      "id": 4788379937,
      "name": "Hellersdorf",
      "label": "Hellersdorf",
      "position": {
        "lat": 52.5366883,
        "lon": 13.606672
      }
    },
    "Louis-Lewin-Straße": {
      "id": 4788379933,
      "name": "Louis-Lewin-Straße",
      "label": "Louis-Lewin-Straße",
      "position": {
        "lat": 52.538977,
        "lon": 13.6183463
      }
    },
    "Hönow": {
      "id": 3935470812,
      "name": "Hönow",
      "label": "Hönow",
      "position": {
        "lat": 52.5384335,
        "lon": 13.633123
      }
    },
    "Prinzenstraße": {
      "id": 3881590700,
      "name": "Prinzenstraße",
      "label": " Prinzenstraße",
      "position": {
        "lat": 52.4983972,
        "lon": 13.40591
      }
    },
    "Prinzenstraße 2": {
      "id": 3881590700,
      "name": "Prinzenstraße",
      "label": "",
      "position": {
        "lat": 52.4983972,
        "lon": 13.40591
      }
    },
    "Görlitzer Bahnhof": {
      "id": 3875882001,
      "name": "Görlitzer Bahnhof",
      "label": "Görlitzer Bahnhof",
      "position": {
        "lat": 52.4992628,
        "lon": 13.4280355
      }
    },
    "Görlitzer Bahnhof 2": {
      "id": 3875882001,
      "name": "Görlitzer Bahnhof",
      "label": "",
      "position": {
        "lat": 52.4992628,
        "lon": 13.4280355
      }
    },
    "Schlesisches Tor": {
      "id": 3876481637,
      "name": "Schlesisches Tor",
      "label": "Schlesisches Tor",
      "position": {
        "lat": 52.5008341,
        "lon": 13.4414625
      }
    },
    "Schlesisches Tor 2": {
      "id": 3876481637,
      "name": "Schlesisches Tor",
      "label": "",
      "position": {
        "lat": 52.5008341,
        "lon": 13.4414625
      }
    },
    "Warschauer Straße": {
      "id": 3870914569,
      "name": "Warschauer Straße",
      "label": "Warschauer Straße",
      "position": {
        "lat": 52.505014,
        "lon": 13.4490065
      }
    },
    "Warschauer Straße 2": {
      "id": 3870914569,
      "name": "Warschauer Straße",
      "label": "",
      "position": {
        "lat": 52.505014,
        "lon": 13.4490065
      }
    },
    "Möckernbrücke": {
      "id": 3933855823,
      "name": "Möckernbrücke",
      "label": "Möckernbrücke",
      "position": {
        "lat": 52.4986927,
        "lon": 13.383123
      }
    },
    "Möckernbrücke 2": {
      "id": 3933855823,
      "name": "Möckernbrücke",
      "label": "",
      "position": {
        "lat": 52.4986927,
        "lon": 13.383123
      }
    },
    "Möckernbrücke 3": {
      "id": 3933855823,
      "name": "Möckernbrücke",
      "label": "",
      "position": {
        "lat": 52.4986927,
        "lon": 13.383123
      }
    },
    "Gneisenaustraße": {
      "id": 259845849,
      "name": "Gneisenaustraße",
      "label": "Gneisenaustraße",
      "position": {
        "lat": 52.4912895,
        "lon": 13.3958247
      }
    },
    "Südstern": {
      "id": 129730678,
      "name": "Südstern",
      "label": "Südstern",
      "position": {
        "lat": 52.4892983,
        "lon": 13.4076671
      }
    },
    "Schönleinstraße": {
      "id": 3844501316,
      "name": "Schönleinstraße",
      "label": "Schönleinstraße",
      "position": {
        "lat": 52.4930552,
        "lon": 13.4220572
      }
    },
    "Hermannplatz": {
      "id": 5171026793,
      "name": "Hermannplatz",
      "label": "Hermannplatz",
      "position": {
        "lat": 52.4862857,
        "lon": 13.4245531
      }
    },
    "Mohrenstraße": {
      "id": 3870475231,
      "name": "Mohrenstraße",
      "label": "Mohrenstraße",
      "position": {
        "lat": 52.5117915,
        "lon": 13.3850915
      }
    },
    "Potsdamer Platz": {
      "id": 3854591000,
      "name": "Potsdamer Platz",
      "label": "Potsdamer Platz",
      "position": {
        "lat": 52.5091586,
        "lon": 13.3782147
      }
    },
    "Mendelssohn-Bartholdy-Park": {
      "id": 3933855820,
      "name": "Mendelssohn-Bartholdy-Park",
      "label": " Mendelssohn-\n Bartholdy-Park",
      "position": {
        "lat": 52.5039086,
        "lon": 13.3749852
      }
    },
    "Kurfürstenstraße": {
      "id": 3906622702,
      "name": "Kurfürstenstraße",
      "label": "Kurfürstenstraße",
      "position": {
        "lat": 52.4999599,
        "lon": 13.3619411
      }
    },
    "Kurfürstenstraße 2": {
      "id": 3906622702,
      "name": "Kurfürstenstraße",
      "label": "",
      "position": {
        "lat": 52.4999599,
        "lon": 13.3619411
      }
    },
    "Gleisdreieck": {
      "id": 2102139395,
      "name": "Gleisdreieck",
      "label": "Gleisdreieck",
      "position": {
        "lat": 52.4995261,
        "lon": 13.3740318
      }
    },
    "Gleisdreieck 2": {
      "id": 2102139395,
      "name": "Gleisdreieck",
      "label": "",
      "position": {
        "lat": 52.4995261,
        "lon": 13.3740318
      }
    },
    "Bülowstraße": {
      "id": 3946122064,
      "name": "Bülowstraße",
      "label": "Bülowstraße",
      "position": {
        "lat": 52.4975858,
        "lon": 13.3632209
      }
    },
    "Nollendorfplatz": {
      "id": 3901824902,
      "name": "Nollendorfplatz",
      "label": "Nollendorfplatz",
      "position": {
        "lat": 52.4995972,
        "lon": 13.3537297
      }
    },
    "Nollendorfplatz 2": {
      "id": 3901824902,
      "name": "Nollendorfplatz",
      "label": "",
      "position": {
        "lat": 52.4995972,
        "lon": 13.3537297
      }
    },
    "Nollendorfplatz 3": {
      "id": 3901824902,
      "name": "Nollendorfplatz",
      "label": "",
      "position": {
        "lat": 52.4995972,
        "lon": 13.3537297
      }
    },
    "Wittenbergplatz": {
      "id": 3957757604,
      "name": "Wittenbergplatz",
      "label": "Wittenbergplatz",
      "position": {
        "lat": 52.5017976,
        "lon": 13.3430005
      }
    },
    "Wittenbergplatz 2": {
      "id": 3957757604,
      "name": "Wittenbergplatz",
      "label": "",
      "position": {
        "lat": 52.5017976,
        "lon": 13.3430005
      }
    },
    "Wittenbergplatz 3": {
      "id": 3957757604,
      "name": "Wittenbergplatz",
      "label": "",
      "position": {
        "lat": 52.5017976,
        "lon": 13.3430005
      }
    },
    "Yorckstraße": {
      "id": 174817813,
      "name": "Yorckstraße",
      "label": "Yorckstraße",
      "position": {
        "lat": 52.4929715,
        "lon": 13.3706891
      }
    },
    "Viktoria-Luise-Platz": {
      "id": 5134716875,
      "name": "Viktoria-Luise-Platz",
      "label": "Viktoria-Luise-Platz",
      "position": {
        "lat": 52.4961755,
        "lon": 13.3431855
      }
    },
    "Boddinstraße": {
      "id": 3846415853,
      "name": "Boddinstraße",
      "label": "Boddinstraße",
      "position": {
        "lat": 52.4801685,
        "lon": 13.425281
      }
    },
    "Leinestraße": {
      "id": 3846471665,
      "name": "Leinestraße",
      "label": "Leinestraße",
      "position": {
        "lat": 52.4729787,
        "lon": 13.4283545
      }
    },
    "Hermannstraße": {
      "id": 31048718,
      "name": "Hermannstraße",
      "label": "Hermannstraße",
      "position": {
        "lat": 52.4672622,
        "lon": 13.4314659
      }
    },
    "Kleistpark": {
      "id": 5099979652,
      "name": "Kleistpark",
      "label": "Kleistpark",
      "position": {
        "lat": 52.4903665,
        "lon": 13.3602198
      }
    },
    "Turmstraße": {
      "id": 4440948591,
      "name": "Turmstraße",
      "label": "Turmstraße",
      "position": {
        "lat": 52.5261489,
        "lon": 13.3412971
      }
    },
    "Zoologischer Garten": {
      "id": 29046450,
      "name": "Zoologischer Garten",
      "label": "Zoologischer\nGarten",
      "position": {
        "lat": 52.5058669,
        "lon": 13.3330236
      }
    },
    "Hansaplatz": {
      "id": 3957897529,
      "name": "Hansaplatz",
      "label": "Hansaplatz",
      "position": {
        "lat": 52.518008,
        "lon": 13.3420365
      }
    },
    "Kurfürstendamm": {
      "id": 29046970,
      "name": "Kurfürstendamm",
      "label": "Kurfürsten-\ndamm",
      "position": {
        "lat": 52.5038223,
        "lon": 13.3314365
      }
    },
    "Augsburger Straße": {
      "id": 5162689183,
      "name": "Augsburger Straße",
      "label": "Augsburger Straße",
      "position": {
        "lat": 52.5004423,
        "lon": 13.3364644
      }
    },
    "Spichernstraße": {
      "id": 5162689571,
      "name": "Spichernstraße",
      "label": "Spichernstraße",
      "position": {
        "lat": 52.4964453,
        "lon": 13.3310091
      }
    },
    "Uhlandstraße": {
      "id": 3957757603,
      "name": "Uhlandstraße",
      "label": "Uhlandstraße",
      "position": {
        "lat": 52.5028118,
        "lon": 13.3266968
      }
    },
    "Bayerischer Platz": {
      "id": 29833469,
      "name": "Bayerischer Platz",
      "label": "Bayerischer\nPlatz",
      "position": {
        "lat": 52.4885755,
        "lon": 13.3405436
      }
    },
    "Eisenacher Straße": {
      "id": 76474606,
      "name": "Eisenacher Straße",
      "label": "Eisenacher Straße",
      "position": {
        "lat": 52.4895529,
        "lon": 13.3501694
      }
    },
    "Hohenzollernplatz": {
      "id": 5162689220,
      "name": "Hohenzollernplatz",
      "label": "Hohenzollernplatz",
      "position": {
        "lat": 52.4940847,
        "lon": 13.3247547
      }
    },
    "Fehrbelliner Platz": {
      "id": 5162689572,
      "name": "Fehrbelliner Platz",
      "label": "Fehrbelliner Platz",
      "position": {
        "lat": 52.4905442,
        "lon": 13.3151361
      }
    },
    "Berliner Straße": {
      "id": 29046979,
      "name": "Berliner Straße",
      "label": "Berliner Straße",
      "position": {
        "lat": 52.4873298,
        "lon": 13.3310103
      }
    },
    "Güntzelstraße": {
      "id": 29046976,
      "name": "Güntzelstraße",
      "label": "Güntzelstraße",
      "position": {
        "lat": 52.4920843,
        "lon": 13.3310064
      }
    },
    "Bundesplatz": {
      "id": 5324318370,
      "name": "Bundesplatz",
      "label": "Bundesplatz",
      "position": {
        "lat": 52.4776476,
        "lon": 13.3285001
      }
    },
    "Blissestraße": {
      "id": 3959653399,
      "name": "Blissestraße",
      "label": "Blissestraße",
      "position": {
        "lat": 52.4864895,
        "lon": 13.3205449
      }
    },
    "Friedrich-Wilhelm-Platz": {
      "id": 29046999,
      "name": "Friedrich-Wilhelm-Platz",
      "label": "Friedrich-Wilhelm-Platz",
      "position": {
        "lat": 52.4721217,
        "lon": 13.3287301
      }
    },
    "Walther-Schreiber-Platz": {
      "id": 29047043,
      "name": "Walther-Schreiber-Platz",
      "label": "Walther-Schreiber-Platz",
      "position": {
        "lat": 52.4653254,
        "lon": 13.3282601
      }
    },
    "Schloßstraße": {
      "id": 29047045,
      "name": "Schloßstraße",
      "label": "Schloßstraße",
      "position": {
        "lat": 52.461481,
        "lon": 13.3250946
      }
    },
    "Rathaus Steglitz": {
      "id": 29047047,
      "name": "Rathaus Steglitz",
      "label": "Rathaus Steglitz",
      "position": {
        "lat": 52.4568021,
        "lon": 13.3209192
      }
    },
    "Konstanzer Straße": {
      "id": 3918542874,
      "name": "Konstanzer Straße",
      "label": "Konstanzer Straße",
      "position": {
        "lat": 52.4945315,
        "lon": 13.3090745
      }
    },
    "Adenauerplatz": {
      "id": 3931919580,
      "name": "Adenauerplatz",
      "label": "Adenauerplatz",
      "position": {
        "lat": 52.5000028,
        "lon": 13.3073226
      }
    },
    "Wilmersdorfer Straße": {
      "id": 5176114617,
      "name": "Wilmersdorfer Straße",
      "label": "Wilmersdorfer Straße",
      "position": {
        "lat": 52.5066749,
        "lon": 13.3066372
      }
    },
    "Ernst-Reuter-Platz": {
      "id": 29123764,
      "name": "Ernst-Reuter-Platz",
      "label": "Ernst-Reuter-\nPlatz",
      "position": {
        "lat": 52.5118853,
        "lon": 13.3221613
      }
    },
    "Bismarckstraße": {
      "id": 31207787,
      "name": "Bismarckstraße",
      "label": "Bismarckstraße",
      "position": {
        "lat": 52.5115148,
        "lon": 13.3052393
      }
    },
    "Richard-Wagner-Platz": {
      "id": 31207789,
      "name": "Richard-Wagner-Platz",
      "label": "Richard-Wagner-Platz",
      "position": {
        "lat": 52.517387,
        "lon": 13.306588
      }
    },
    "Mierendorffplatz": {
      "id": 5219756618,
      "name": "Mierendorffplatz",
      "label": "Mierendorffplatz",
      "position": {
        "lat": 52.5263437,
        "lon": 13.3047721
      }
    },
    "Jungfernheide": {
      "id": 4644994619,
      "name": "Jungfernheide",
      "label": "Jungfernheide",
      "position": {
        "lat": 52.5307879,
        "lon": 13.3006301
      }
    },
    "Jakob-Kaiser-Platz": {
      "id": 5176114547,
      "name": "Jakob-Kaiser-Platz",
      "label": "Jakob-Kaiser-Platz",
      "position": {
        "lat": 52.5362794,
        "lon": 13.2933009
      }
    },
    "Halemweg": {
      "id": 5183375797,
      "name": "Halemweg",
      "label": "Halemweg",
      "position": {
        "lat": 52.5366262,
        "lon": 13.2861036
      }
    },
    "Sophie-Charlotte-Platz": {
      "id": 3900580952,
      "name": "Sophie-Charlotte-Platz",
      "label": "Sophie-Charlotte-\nPlatz",
      "position": {
        "lat": 52.5109137,
        "lon": 13.2963306
      }
    },
    "Siemensdamm": {
      "id": 4512633105,
      "name": "Siemensdamm",
      "label": "Siemensdamm",
      "position": {
        "lat": 52.5367748,
        "lon": 13.2727638
      }
    },
    "Rohrdamm": {
      "id": 5330823481,
      "name": "Rohrdamm",
      "label": "Rohrdamm",
      "position": {
        "lat": 52.5369951,
        "lon": 13.262306
      }
    },
    "Paulsternstraße": {
      "id": 5183375788,
      "name": "Paulsternstraße",
      "label": "Paulsternstraße",
      "position": {
        "lat": 52.5379819,
        "lon": 13.2478176
      }
    },
    "Haselhorst": {
      "id": 5220114129,
      "name": "Haselhorst",
      "label": "Haselhorst",
      "position": {
        "lat": 52.5387183,
        "lon": 13.2330942
      }
    },
    "Zitadelle": {
      "id": 5183374155,
      "name": "Zitadelle",
      "label": "Zitadelle",
      "position": {
        "lat": 52.537652,
        "lon": 13.2175358
      }
    },
    "Altstadt Spandau": {
      "id": 5726082246,
      "name": "Altstadt Spandau",
      "label": "Altstadt Spandau",
      "position": {
        "lat": 52.5388381,
        "lon": 13.2062573
      }
    },
    "Rathaus Spandau": {
      "id": 4989868817,
      "name": "Rathaus Spandau",
      "label": "Rathaus Spandau",
      "position": {
        "lat": 52.5351709,
        "lon": 13.1997742
      }
    },
    "Rathaus Neukölln": {
      "id": 5171026794,
      "name": "Rathaus Neukölln",
      "label": "Rathaus Neukölln",
      "position": {
        "lat": 52.4816522,
        "lon": 13.4341793
      }
    },
    "Karl-Marx-Straße": {
      "id": 3918711741,
      "name": "Karl-Marx-Straße",
      "label": "Karl-Marx-Straße",
      "position": {
        "lat": 52.4762696,
        "lon": 13.4393375
      }
    },
    "Brandenburger Tor": {
      "id": 3862767512,
      "name": "Brandenburger Tor",
      "label": "Brandenburger Tor",
      "position": {
        "lat": 52.5166047,
        "lon": 13.3809897
      }
    },
    "Bundestag": {
      "id": 4213705914,
      "name": "Bundestag",
      "label": "Bundestag",
      "position": {
        "lat": 52.5201123,
        "lon": 13.3729545
      }
    },
    "Hauptbahnhof": {
      "id": 3856100108,
      "name": "Hauptbahnhof",
      "label": "Hauptbahnhof",
      "position": {
        "lat": 52.5252819,
        "lon": 13.3701242
      }
    },
    "Neukölln": {
      "id": 3865616067,
      "name": "Neukölln",
      "label": "Neukölln",
      "position": {
        "lat": 52.4685956,
        "lon": 13.4418203
      }
    },
    "Grenzallee": {
      "id": 3851450060,
      "name": "Grenzallee",
      "label": "Grenzallee",
      "position": {
        "lat": 52.4628825,
        "lon": 13.4447716
      }
    },
    "Blaschkoallee": {
      "id": 3959389239,
      "name": "Blaschkoallee",
      "label": "Blaschkoallee",
      "position": {
        "lat": 52.4520801,
        "lon": 13.4492022
      }
    },
    "Parchimer Allee": {
      "id": 5171026799,
      "name": "Parchimer Allee",
      "label": "Parchimer Allee",
      "position": {
        "lat": 52.4447743,
        "lon": 13.4495999
      }
    },
    "Britz-Süd": {
      "id": 3856551765,
      "name": "Britz-Süd",
      "label": "Britz-Süd",
      "position": {
        "lat": 52.4377918,
        "lon": 13.4481868
      }
    },
    "Johannisthaler Chaussee": {
      "id": 3856551767,
      "name": "Johannisthaler Chaussee",
      "label": "Johannisthaler Chaussee",
      "position": {
        "lat": 52.4293213,
        "lon": 13.4533376
      }
    },
    "Lipschitzallee": {
      "id": 3856551769,
      "name": "Lipschitzallee",
      "label": "Lipschitzallee",
      "position": {
        "lat": 52.4246425,
        "lon": 13.4626984
      }
    },
    "Wutzkyallee": {
      "id": 6555763842,
      "name": "Wutzkyallee",
      "label": "Wutzkyallee",
      "position": {
        "lat": 52.4233264,
        "lon": 13.4745668
      }
    },
    "Zwickauer Damm": {
      "id": 3856551777,
      "name": "Zwickauer Damm",
      "label": "Zwickauer Damm",
      "position": {
        "lat": 52.4233803,
        "lon": 13.4839403
      }
    },
    "Rudow": {
      "id": 3856551771,
      "name": "Rudow",
      "label": "Rudow",
      "position": {
        "lat": 52.41617,
        "lon": 13.4953978
      }
    },
    "Rathaus Schöneberg": {
      "id": 5134482957,
      "name": "Rathaus Schöneberg",
      "label": "Rathaus Schöneberg",
      "position": {
        "lat": 52.4831773,
        "lon": 13.341972
      }
    },
    "Innsbrucker Platz": {
      "id": 29497638,
      "name": "Innsbrucker Platz",
      "label": "Innsbrucker Platz",
      "position": {
        "lat": 52.478987,
        "lon": 13.3436736
      }
    },
    "Heidelberger Platz": {
      "id": 5162689184,
      "name": "Heidelberger Platz",
      "label": "Heidelberger Platz",
      "position": {
        "lat": 52.4797961,
        "lon": 13.3128835
      }
    },
    "Rüdesheimer Platz": {
      "id": 5149137347,
      "name": "Rüdesheimer Platz",
      "label": "Rüdesheimer Platz",
      "position": {
        "lat": 52.4732464,
        "lon": 13.314415
      }
    },
    "Breitenbachplatz": {
      "id": 3959895235,
      "name": "Breitenbachplatz",
      "label": "Breitenbachplatz",
      "position": {
        "lat": 52.4670266,
        "lon": 13.3088711
      }
    },
    "Podbielskiallee": {
      "id": 5160531362,
      "name": "Podbielskiallee",
      "label": "Podbielskiallee",
      "position": {
        "lat": 52.4641033,
        "lon": 13.2957519
      }
    },
    "Dahlem-Dorf": {
      "id": 3846748389,
      "name": "Dahlem-Dorf",
      "label": "Dahlem-Dorf",
      "position": {
        "lat": 52.4574096,
        "lon": 13.2897049
      }
    },
    "Freie Universität (Thielplatz)": {
      "id": 3955368095,
      "name": "Freie Universität (Thielplatz)",
      "label": "Freie Universität\n(Thielplatz)",
      "position": {
        "lat": 52.4510388,
        "lon": 13.281744
      }
    },
    "Oskar-Helene-Heim": {
      "id": 3955368093,
      "name": "Oskar-Helene-Heim",
      "label": "Oskar-Helene-Heim",
      "position": {
        "lat": 52.4503608,
        "lon": 13.2690711
      }
    },
    "Onkel Toms Hütte": {
      "id": 3955368088,
      "name": "Onkel Toms Hütte",
      "label": "Onkel Toms Hütte",
      "position": {
        "lat": 52.4498912,
        "lon": 13.2530752
      }
    },
    "Krumme Lanke": {
      "id": 3872477458,
      "name": "Krumme Lanke",
      "label": "Krumme Lanke",
      "position": {
        "lat": 52.4434481,
        "lon": 13.2413921
      }
    },
    "Kaiserdamm": {
      "id": 316021790,
      "name": "Kaiserdamm",
      "label": "Kaiserdamm",
      "position": {
        "lat": 52.5100921,
        "lon": 13.2831263
      }
    },
    "Theodor-Heuss-Platz": {
      "id": 29123754,
      "name": "Theodor-Heuss-Platz",
      "label": "Theodor-Heuss-Platz",
      "position": {
        "lat": 52.5099869,
        "lon": 13.2722217
      }
    },
    "Neu-Westend": {
      "id": 29123761,
      "name": "Neu-Westend",
      "label": "Neu-Westend",
      "position": {
        "lat": 52.5162154,
        "lon": 13.2592357
      }
    },
    "Olympia-Stadion": {
      "id": 5713678268,
      "name": "Olympia-Stadion",
      "label": "Olympia-Stadion",
      "position": {
        "lat": 52.5168643,
        "lon": 13.2504479
      }
    },
    "Ruhleben": {
      "id": 27586255,
      "name": "Ruhleben",
      "label": "Ruhleben",
      "position": {
        "lat": 52.5256744,
        "lon": 13.2414191
      }
    },
    "Deutsche Oper": {
      "id": 29123763,
      "name": "Deutsche Oper",
      "label": "Deutsche\nOper",
      "position": {
        "lat": 52.511837,
        "lon": 13.3105328
      }
    }
  },

  "lines": [
    {
      "name": "U1",
      "label": "U1",
      "color": "#008200",
      "shiftCoords": [0, 0],
      "nodes": [
        {
          "coords": [-10, -60],
          "name": "Uhlandstraße",
          "labelPos": "NE",
          "labelBold": true,
          "labelAngle": -45,
          "lineLabel": true,
          "lineLabelPath": "labels/U1.svg",
          "lineLabelPos": "W",
          "lineLabelShiftX": -4.5,
          "lineLabelShiftY": 2.2
        },
        {
          "coords": [6, -60],
          "name": "Kurfürstendamm",
          "labelPos": "SW",
          "labelBold": true
        },
        {
          "coords": [25, -60],
          "name": "Wittenbergplatz",
          "labelPos": "NE",
          "labelBold": true,
          "labelAngle": -45,
          "stationSymbol": "triple"
        },
        {
          "coords": [36, -60],
          "name": "Nollendorfplatz",
          "labelPos": "NE",
          "labelBold": true,
          "labelAngle": -45,
          "stationSymbol": "triple",
          "lineLabel": true,
          "lineLabelPath": "labels/U4.svg",
          "lineLabelPos": "SW",
          "lineLabelShiftX": -4.2,
          "lineLabelShiftY": -3.2
        },
        {
          "coords": [48, -60],
          "name": "Kurfürstenstraße",
          "labelPos": "NE",
          "labelBold": true,
          "labelAngle": -45,
          "stationSymbol": "double"
        },
        {
          "coords": [61, -60],
          "name": "Gleisdreieck",
          "labelPos": "E",
          "labelShiftCoords": [0, -4]
        },
        {
          "coords": [90, -60],
          "name": "Möckernbrücke",
          "labelPos": "N",
          "labelBold": true,
          "stationSymbol": "triple"
        },
        {
          "coords": [101, -60],
          "name": "Hallesches Tor",
          "labelPos": "NE",
          "labelAngle": -45,
          "labelBold": true,
          "labelShiftCoords": [1.5, 0],
          "stationSymbol": false
        },
        {
          "coords": [119, -60],
          "name": "Prinzenstraße",
          "labelPos": "NE",
          "labelAngle": -45,
          "labelBold": true,
          "stationSymbol": "double"
        },
        {
          "coords": [137, -60],
          "name": "Kottbusser Tor",
          "labelPos": "NE",
          "labelBold": true,
          "labelShiftCoords": [0, 2]
        },
        {
          "coords": [153, -60],
          "name": "Görlitzer Bahnhof",
          "labelPos": "NE",
          "labelAngle": -45,
          "labelBold": true,
          "stationSymbol": "double"
        },
        {
          "coords": [169, -60],
          "name": "Schlesisches Tor",
          "labelPos": "NE",
          "labelAngle": -45,
          "labelBold": true,
          "stationSymbol": "double"
        },
        {
          "coords": [186, -60],
          "name": "Warschauer Straße",
          "labelPos": "NE",
          "labelAngle": -45,
          "labelBold": true,
          "stationSymbol": "double",
          "lineLabel": true,
          "lineLabelPath": "labels/U1.svg",
          "lineLabelPos": "E",
          "lineLabelShiftX": 1,
          "lineLabelShiftY": 2.4,
          "sBahn": true
        }
      ]
    },
    {
      "name": "U3",
      "label": "U3",
      "color": "#008280",
      "shiftCoords": [0, 0],
      "nodes": [
        {
          "coords": [-53, -134],
          "name": "Krumme Lanke",
          "labelPos": "W",
          "labelBold": true,
          "labelShiftCoords": [-0.5, 0],
          "lineLabel": true,
          "lineLabelPath": "labels/U3.svg",
          "lineLabelPos": "E",
          "lineLabelShiftX": 1,
          "lineLabelShiftY": 1.6
        },
        {
          "coords": [-48, -129],
          "name": "Onkel Toms Hütte",
          "labelPos": "W",
          "labelShiftCoords": [-0.5, 0]
        },
        {
          "coords": [-43, -124],
          "name": "Oskar-Helene-Heim",
          "labelPos": "W",
          "labelShiftCoords": [-0.5, 0]
        },
        {
          "coords": [-38, -119],
          "name": "Freie Universität (Thielplatz)",
          "labelPos": "W",
          "labelShiftCoords": [-1, 1]
        },
        {
          "coords": [-33, -114],
          "name": "Dahlem-Dorf",
          "labelPos": "W",
          "labelShiftCoords": [-0.5, 0]
        },
        {
          "coords": [-28, -109],
          "name": "Podbielskiallee",
          "labelPos": "W",
          "labelShiftCoords": [-0.5, 0]

        },
        {
          "coords": [-23, -104],
          "name": "Breitenbachplatz",
          "labelPos": "W",
          "labelShiftCoords": [-0.5, 0]
        },
        {
          "coords": [-18, -99],
          "name": "Rüdesheimer Platz",
          "labelPos": "W",
          "labelShiftCoords": [-0.5, 0]
        },
        {
          "coords": [-13, -94],
          "name": "Heidelberger Platz",
          "labelPos": "W",
          "labelShiftCoords": [-0.5, 0],
          "sBahn": true
        },
        {
          "coords": [-8, -89],
          "name": "Fehrbelliner Platz",
          "labelPos": "W",
          "labelBold": true,
          "labelShiftCoords": [-1, 0]
        },
        {
          "coords": [-1, -82],
          "name": "Hohenzollernplatz",
          "labelPos": "NW",
          "labelAngle": 45
        },
        {
          "coords": [6, -75],
          "name": "Spichernstraße",
          "labelPos": "SE"
        },
        {
          "coords": [12, -69],
          "name": "Augsburger Straße",
          "labelPos": "SE"
        },
        {
          "coords": [18, -63]
        },
        {
          "coords": [20, -62]
        },
        {
          "coords": [25, -62],
          "name": "Wittenbergplatz 2",
          "labelPos": "NE",
          "labelBold": true,
          "labelAngle": -45,
          "stationSymbol": false
        },
        {
          "coords": [36, -62],
          "name": "Nollendorfplatz 2",
          "labelPos": "NE",
          "labelBold": true,
          "labelAngle": -45,
          "stationSymbol": false
        },
        {
          "coords": [48, -62],
          "name": "Kurfürstenstraße 2",
          "labelPos": "NE",
          "stationSymbol": false
        },
        {
          "coords": [61, -62],
          "name": "Gleisdreieck 2",
          "labelPos": "E",
          "stationSymbol": false
        },
        {
          "coords": [90, -62],
          "name": "Möckernbrücke 2",
          "labelPos": "N",
          "labelBold": true,
          "stationSymbol": false
        },
        {
          "coords": [101, -62],
          "name": "Hallesches Tor 2",
          "labelPos": "NE",
          "stationSymbol": false
        },
        {
          "coords": [119, -62],
          "name": "Prinzenstraße 2",
          "labelPos": "NE",
          "stationSymbol": false
        },
        {
          "coords": [137, -62],
          "name": "Kottbusser Tor 2",
          "labelPos": "NE",
          "labelBold": true,
          "stationSymbol": false
        },
        {
          "coords": [153, -62],
          "name": "Görlitzer Bahnhof 2",
          "labelPos": "NE",
          "stationSymbol": false
        },
        {
          "coords": [169, -62],
          "name": "Schlesisches Tor 2",
          "labelPos": "NE",
          "stationSymbol": false
        },
        {
          "coords": [186, -62],
          "name": "Warschauer Straße 2",
          "labelPos": "NE",
          "stationSymbol": false,
          "lineLabel": true,
          "lineLabelPath": "labels/U3.svg",
          "lineLabelPos": "E",
          "lineLabelShiftX": 1,
          "lineLabelShiftY": 1.6
        }
      ]
    },
    {
      "name": "U2",
      "label": "U2",
      "color": "#ff0000",
      "shiftCoords": [0, 0],
      "nodes": [
        {
          "coords": [-86, -41],
          "name": "Ruhleben",
          "labelPos": "NE",
          "labelBold": true,
          "labelAngle": -45,
          "lineLabel": true,
          "lineLabelPath": "labels/U2.svg",
          "lineLabelPos": "S",
          "lineLabelShiftX": -2,
          "lineLabelShiftY": 0
        },
        {
          "coords": [-77, -41],
          "name": "Olympia-Stadion",
          "labelPos": "NE",
          "labelAngle": -45
        },
        {
          "coords": [-68, -41],
          "name": "Neu-Westend",
          "labelPos": "NE",
          "labelAngle": -45
        },
        {
          "coords": [-59, -41],
          "name": "Theodor-Heuss-Platz",
          "labelPos": "NE",
          "labelAngle": -45
        },
        {
          "coords": [-50, -41],
          "name": "Kaiserdamm",
          "labelPos": "NE",
          "labelAngle": -45
        },
        {
          "coords": [-41, -41],
          "name": "Sophie-Charlotte-Platz",
          "labelPos": "NE",
          "labelAngle": -45,
          "labelShiftCoords": [0.5, 0.5]
        },
        {
          "coords": [-22, -41],
          "name": "Bismarckstraße",
          "labelPos": "NE",
          "labelBold": true,
          "labelShiftCoords": [1.5, 0],
          "labelAngle": -45
        },
        {
          "coords": [-13, -41],
          "name": "Deutsche Oper",
          "labelPos": "S"
        },
        {
          "coords": [-4, -41],
          "name": "Ernst-Reuter-Platz",
          "labelPos": "N",
          "labelShiftCoords": [0, 0.5]
        },
        {
          "coords": [6, -51],
          "name": "Zoologischer Garten",
          "labelPos": "E",
          "labelBold": true,
          "labelShiftCoords": [2, 0.5],
          "sBahn": true
        },
        {
          "coords": [18, -63]
        },
        {
          "coords": [20, -64]
        },
        {
          "coords": [25, -64],
          "name": "Wittenbergplatz 3",
          "labelPos": "NE",
          "labelBold": true,
          "labelAngle": -45,
          "stationSymbol": false
        },
        {
          "coords": [36, -64],
          "name": "Nollendorfplatz 3",
          "labelPos": "NE",
          "labelBold": true,
          "labelAngle": -45,
          "stationSymbol": false
        },
        {
          "coords": [48, -64],
          "name": "Bülowstraße",
          "labelPos": "S"
        },
        {
          "coords": [60, -64]
        },
        {
          "coords": [61, -63],
          "dir": "E"
        },
        {
          "coords": [61, -60],
          "name": "Gleisdreieck",
          "labelPos": "SE",
          "labelBold": true,
          "stationSymbol": "double"
        },
        {
          "coords": [61, -59]
        },
        {
          "coords": [62, -57]
        },
        {
          "coords": [66, -53],
          "name": "Mendelssohn-Bartholdy-Park",
          "labelPos": "E"
        },
        {
          "coords": [72, -47],
          "name": "Potsdamer Platz",
          "labelPos": "E",
          "labelShiftCoords": [0, -1.5],
          "sBahn": true
        },
        {
          "coords": [77, -42],
          "name": "Mohrenstraße",
          "labelPos": "NW"
        },
        {
          "coords": [100, -42],
          "name": "Stadtmitte",
          "labelPos": "NW",
          "labelBold": true
        },
        {
          "coords": [109, -42],
          "name": "Hausvogteiplatz",
          "labelPos": "N",
          "labelShiftCoords": [0, 0.5]
        },
        {
          "coords": [115, -42],
          "name": "Spittelmarkt",
          "labelPos": "S",
          "labelShiftCoords": [0, -0.5]
        },
        {
          "coords": [120, -42]
        },
        {
          "coords": [122, -41]
        },
        {
          "coords": [124, -39],
          "name": "Märkisches Museum",
          "labelPos": "SE"
        },
        {
          "coords": [128, -35],
          "name": "Klosterstraße",
          "labelPos": "W",
          "labelShiftCoords": [-0.2, 0]
        },
        {
          "coords": [128, -26],
          "name": "Alexanderplatz",
          "labelPos": "NW",
          "labelBold": true,
          "labelShiftCoords": [-1.8, 0]
        },
        {
          "coords": [128, -10],
          "name": "Rosa-Luxemburg-Platz",
          "labelPos": "E"
        },
        {
          "coords": [128, -2],
          "name": "Senefelderplatz",
          "labelPos": "E"
        },
        {
          "coords": [128, 6],
          "name": "Eberswalder Straße",
          "labelPos": "E"
        },
        {
          "coords": [128, 14],
          "name": "Schönhauser Allee",
          "labelPos": "E",
          "sBahn": true
        },
        {
          "coords": [128, 22],
          "name": "Vinetastraße",
          "labelPos": "E"
        },
        {
          "coords": [128, 30],
          "name": "Pankow",
          "labelPos": "E",
          "labelBold": true,
          "lineLabel": true,
          "lineLabelPath": "labels/U2.svg",
          "lineLabelPos": "W",
          "lineLabelShiftX": -4,
          "lineLabelShiftY": 2.2,
          "sBahn": true
        }
      ]
    },
    {
      "name": "U4",
      "label": "U4",
      "color": "#feff00",
      "shiftCoords": [0, 0],
      "nodes": [
        {
          "coords": [36, -64],
          "name": "Nollendorfplatz 3",
          "labelPos": "NE",
          "stationSymbol": false
        },
        {
          "coords": [36, -77],
          "name": "Viktoria-Luise-Platz",
          "labelPos": "E"
        },
        {
          "coords": [36, -89],
          "name": "Bayerischer Platz",
          "labelPos": "NE",
          "labelBold": true,
          "labelShiftCoords": [0, 2]
        },
        {
          "coords": [36, -98],
          "name": "Rathaus Schöneberg",
          "labelPos": "E"
        },
        {
          "coords": [36, -107],
          "name": "Innsbrucker Platz",
          "labelPos": "E",
          "labelBold":true,
          "lineLabel": true,
          "lineLabelPath": "labels/U4.svg",
          "lineLabelPos": "S",
          "lineLabelShiftX": -2.2,
          "sBahn": true
        }
      ]
    },
    {
      "name": "U5",
      "label": "U5",
      "color": "#993301",
      "shiftCoords": [0, 0],
      "nodes": [
        {
          "coords": [62, -17],
          "name": "Hauptbahnhof",
          "labelPos": "W",
          "labelShiftCoords": [0.6, -2.5],
          "labelBold": true,
          "lineLabel": true,
          "lineLabelPath": "labels/U5.svg",
          "lineLabelPos": "N",
          "lineLabelShiftX": -2,
          "lineLabelShiftY": 2.5,
          "sBahn": true
        },
        {
          "coords": [68, -23],
          "name": "Bundestag",
          "labelPos": "SW"
        },
        {
          "coords": [74, -29],
          "name": "Brandenburger Tor",
          "labelPos": "W",
          "lineLabel": true,
          "lineLabelPos": "NE",
          "lineLabelShiftY": 3,
          "sBahn": true,
          "labelShiftCoords": [0, -2.5]
        },
        {
          "coords": [76, -31]
        },
        {
          "coords": [78, -32]
        },
        {
          "coords": [101, -32],
          "name": "Unter den Linden",
          "labelBold": true,
          "labelPos": "NW",
          "labelShiftCoords": [0, 0.2]
        },
        {
          "coords": [107, -32],
          "name": "Museumsinsel",
          "labelPos": "N",
          "inactive": true,
          "labelShiftCoords": [0, 0.5]
        },
        {
          "coords": [120, -32]
        },
        {
          "coords": [122, -31]
        },
        {
          "coords": [124, -29],
          "name": "Rotes Rathaus",
          "labelPos": "NW",
          "labelShiftCoords": [0, 0.2]
        },
        {
          "coords": [128, -25],
          "name": "Alexanderplatz",
          "labelPos": "NW",
          "labelBold": true,
          "labelShiftCoords": [-1.8, 0]
        },
        {
          "coords": [137, -25],
          "name": "Schillingstraße",
          "labelPos": "NE",
          "labelAngle": -45
        },
        {
          "coords": [144, -25],
          "name": "Strausberger Platz",
          "labelPos": "NE",
          "labelAngle": -45
        },
        {
          "coords": [151, -25],
          "name": "Weberwiese",
          "labelPos": "NE",
          "labelAngle": -45
        },
        {
          "coords": [158, -25],
          "name": "Frankfurter Tor",
          "labelPos": "NE",
          "labelAngle": -45
        },
        {
          "coords": [165, -25],
          "name": "Samariterstraße",
          "labelPos": "NE",
          "labelAngle": -45
        },
        {
          "coords": [172, -25],
          "name": "Frankfurter Allee",
          "labelPos": "NE",
          "labelAngle": -45,
          "sBahn": true
        },
        {
          "coords": [179, -25],
          "name": "Magdalenenstraße",
          "labelPos": "NE",
          "labelAngle": -45
        },
        {
          "coords": [186, -25],
          "name": "Lichtenberg",
          "labelPos": "NE",
          "labelAngle": -45,
          "sBahn": true
        },
        {
          "coords": [193, -25],
          "name": "Friedrichsfelde",
          "labelPos": "NE",
          "labelAngle": -45
        },
        {
          "coords": [200, -25],
          "name": "Tierpark",
          "labelPos": "NE",
          "labelAngle": -45
        },
        {
          "coords": [207, -25],
          "name": "Biesdorf-Süd",
          "labelPos": "NE",
          "labelAngle": -45
        },
        {
          "coords": [214, -25],
          "name": "Elsterwerdaer Platz",
          "labelPos": "NE",
          "labelAngle": -45
        },
        {
          "coords": [221, -25],
          "name": "Wuhletal",
          "labelPos": "NE",
          "labelAngle": -45,
          "sBahn": true
        },
        {
          "coords": [228, -25],
          "name": "Kaulsdorf-Nord",
          "labelPos": "NE",
          "labelAngle": -45
        },
        {
          "coords": [235, -25],
          "name": "Kienberg (Gärten der Welt)",
          "labelPos": "NE",
          "labelAngle": -45
        },
        {
          "coords": [242, -25],
          "name": "Cottbusser Platz",
          "labelPos": "NE",
          "labelAngle": -45
        },
        {
          "coords": [249, -25],
          "name": "Hellersdorf",
          "labelPos": "NE",
          "labelAngle": -45
        },
        {
          "coords": [256, -25],
          "name": "Louis-Lewin-Straße",
          "labelPos": "NE",
          "labelAngle": -45
        },
        {
          "coords": [263, -25],
          "name": "Hönow",
          "labelPos": "NE",
          "labelAngle": -45,
          "labelBold": true,
          "lineLabel": true,
          "lineLabelPath": "labels/U5.svg",
          "lineLabelPos": "S",
          "lineLabelShiftX": -2.2,
          "lineLabelShiftY": 0
        }
      ]
    },
    {
      "name": "U6",
      "label": "U6",
      "color": "#993367",
      "shiftCoords": [0, 0],
      "nodes": [
        {
          "coords": [30, 45],
          "name": "Alt-Tegel",
          "labelPos": "W",
          "labelBold": true,
          "lineLabel": true,
          "lineLabelPath": "labels/U6.svg",
          "lineLabelPos": "N",
          "lineLabelShiftX": -2,
          "lineLabelShiftY": 3,
          "sBahn": true,
          "sBahnLabelNoBeforeSpace": true
        },
        {
          "coords": [34, 41],
          "name": "Borsigwerke",
          "labelPos": "SW"
        },
        {
          "coords": [38, 37],
          "name": "Holzhauser Straße",
          "labelPos": "SW"
        },
        {
          "coords": [42, 33],
          "name": "Otisstraße",
          "labelPos": "SW"
        },
        {
          "coords": [46, 29],
          "name": "Scharnweberstraße",
          "labelPos": "SW"
        },
        {
          "coords": [50, 25],
          "name": "Kurt-Schumacher-Platz",
          "labelPos": "SW"
        },
        {
          "coords": [54, 21],
          "name": "Afrikanische Straße",
          "labelPos": "SW"
        },
        {
          "coords": [58, 17],
          "name": "Rehberge",
          "labelPos": "SW"
        },
        {
          "coords": [62, 13],
          "name": "Seestraße",
          "labelPos": "SW"
        },
        {
          "coords": [66, 9],
          "name": "Leopoldplatz",
          "labelPos": "E",
          "labelBold": true
        },
        {
          "coords": [71, 4],
          "name": "Wedding",
          "labelPos": "E",
          "sBahn": true
        },
        {
          "coords": [76, -1],
          "name": "Reinickendorfer Straße",
          "labelPos": "SW"
        },
        {
          "coords": [81, -6],
          "name": "Schwartzkopffstraße",
          "labelPos": "E"
        },
        {
          "coords": [86, -11],
          "name": "Naturkundemuseum",
          "labelPos": "SW"
        },
        {
          "coords": [91, -16],
          "name": "Oranienburger Tor",
          "labelPos": "SW"
        },
        {
          "coords": [96, -21],
          "name": "Friedrichstraße",
          "labelPos": "W",
          "labelShiftCoords": [-0.4, -1.5],
          "sBahn": true
        },
        {
          "coords": [100, -25]
        },
        {
          "coords": [101, -27]
        },
        {
          "coords": [101, -32],
          "name": "Unter den Linden",
          "labelBold": true,
          "labelPos": "NW",
          "labelShiftCoords": [0, 0.2]
        },
        {
          "coords": [101, -42],
          "name": "Stadtmitte",
          "labelPos": "W",
          "labelBold": true
        },
        {
          "coords": [101, -52],
          "name": "Kochstraße",
          "labelPos": "W"
        },
        {
          "coords": [101, -60],
          "name": "Hallesches Tor",
          "labelPos": "NE",
          "labelAngle": -45,
          "labelBold": true,
          "labelShiftCoords": [1.5, 0],
          "stationSymbol": "double"
        },
        {
          "coords": [101, -70],
          "name": "Mehringdamm",
          "labelPos": "W",
          "labelBold": true
        },
        {
          "coords": [101, -86],
          "name": "Platz der Luftbrücke",
          "labelPos": "E"
        },
        {
          "coords": [101, -92],
          "name": "Paradestraße",
          "labelPos": "E"
        },
        {
          "coords": [101, -98],
          "name": "Tempelhof",
          "labelPos": "E",
          "sBahn": true
        },
        {
          "coords": [101, -104],
          "name": "Alt-Tempelhof",
          "labelPos": "E"
        },
        {
          "coords": [101, -110],
          "name": "Kaiserin-Augusta-Straße",
          "labelPos": "E"
        },
        {
          "coords": [101, -116],
          "name": "Ullsteinstraße",
          "labelPos": "E"
        },
        {
          "coords": [101, -122],
          "name": "Westphalweg",
          "labelPos": "E"
        },
        {
          "coords": [101, -128],
          "name": "Alt-Mariendorf",
          "labelPos": "E",
          "labelBold": true,
          "lineLabel": true,
          "lineLabelPath": "labels/U6.svg",
          "lineLabelPos": "W",
          "lineLabelShiftX": -4,
          "lineLabelShiftY": 2
        }
      ]
    },
    {
      "name": "U7",
      "label": "U7",
      "color": "#00cfcd",
      "shiftCoords": [0, 0],
      "nodes": [
        {
          "coords": [-86, -6],
          "name": "Rathaus Spandau",
          "labelPos": "NE",
          "labelBold": true,
          "labelAngle":-45,
          "lineLabel": true,
          "lineLabelPath": "labels/U7.svg",
          "lineLabelPos": "S",
          "lineLabelShiftX": -2.2,
          "lineLabelShiftY": 0,
          "sBahn": true
        },
        {
          "coords": [-79, -6],
          "name": "Altstadt Spandau",
          "labelPos": "NE",
          "labelAngle":-45
        },
        {
          "coords": [-72, -6],
          "name": "Zitadelle",
          "labelPos": "NE",
          "labelAngle":-45
        },
        {
          "coords": [-65, -6],
          "name": "Haselhorst",
          "labelPos": "NE",
          "labelAngle":-45
        },
        {
          "coords": [-58, -6],
          "name": "Paulsternstraße",
          "labelPos": "NE",
          "labelAngle":-45
        },
        {
          "coords": [-51, -6],
          "name": "Rohrdamm",
          "labelPos": "NE",
          "labelAngle":-45
        },
        {
          "coords": [-44, -6],
          "name": "Siemensdamm",
          "labelPos": "NE",
          "labelAngle":-45
        },
        {
          "coords": [-37, -6],
          "name": "Halemweg",
          "labelPos": "NE",
          "labelAngle":-45
        },
        {
          "coords": [-30, -6],
          "name": "Jakob-Kaiser-Platz",
          "labelPos": "NE",
          "labelAngle":-45
        },
        {
          "coords": [-26, -10],
          "name": "Jungfernheide",
          "labelPos": "E",
          "sBahn": true
        },
        {
          "coords": [-23, -13]
        },
        {
          "coords": [-22, -15]
        },
        {
          "coords": [-22, -17],
          "name": "Mierendorffplatz",
          "labelPos": "E"
        },
        {
          "coords": [-22, -25],
          "name": "Richard-Wagner-Platz",
          "labelPos": "E"
        },
        {
          "coords": [-22, -41],
          "name": "Bismarckstraße",
          "labelPos": "NE",
          "labelBold": true,
          "labelShiftCoords": [1.5, 0],
          "labelAngle": -45
        },
        {
          "coords": [-22, -53],
          "name": "Wilmersdorfer Straße",
          "labelPos": "W"
        },
        {
          "coords": [-22, -64],
          "name": "Adenauerplatz",
          "labelPos": "W"
        },
        {
          "coords": [-22, -75],
          "name": "Konstanzer Straße",
          "labelPos": "W"
        },
        {
          "coords": [-8, -89],
          "name": "Fehrbelliner Platz",
          "labelPos": "W",
          "labelBold": true,
          "labelShiftCoords": [-1, 0]
        },
        {
          "coords": [-1, -89],
          "name": "Blissestraße",
          "labelPos": "S"
        },
        {
          "coords": [6, -89],
          "name": "Berliner Straße",
          "labelPos": "NE",
          "labelBold": true
        },
        {
          "coords": [36, -89],
          "name": "Bayerischer Platz",
          "labelPos": "NE",
          "labelBold": true,
          "labelShiftCoords": [0, 2]
        },
        {
          "coords": [47, -89],
          "name": "Eisenacher Straße",
          "labelPos": "SE"
        },
        {
          "coords": [59, -89]
        },
        {
          "coords": [61, -88]
        },
        {
          "coords": [64, -85],
          "name": "Kleistpark",
          "labelPos": "SE"
        },
        {
          "coords": [73, -76],
          "name": "Yorckstraße",
          "labelPos": "E",
          "labelShiftCoords": [0.3, -1.5],
          "sBahn": true
        },
        {
          "coords": [82, -67]
        },
        {
          "coords": [84, -65]
        },
        {
          "coords": [86, -64]
        },
        {
          "coords": [90, -64],
          "name": "Möckernbrücke 3",
          "labelPos": "N",
          "stationSymbol": false
        },
        {
          "coords": [94, -64]
        },
        {
          "coords": [96, -65]
        },
        {
          "coords": [101, -70],
          "name": "Mehringdamm",
          "labelPos": "N",
          "labelBold": true
        },
        {
          "coords": [109, -78]
        },
        {
          "coords": [111, -79]
        },
        {
          "coords": [114, -79],
          "name": "Gneisenaustraße",
          "labelPos": "NE",
          "labelAngle": -45
        },
        {
          "coords": [126, -79],
          "name": "Südstern",
          "labelPos": "NE",
          "labelAngle": -45
        },
        {
          "coords": [137, -79],
          "name": "Hermannplatz",
          "labelPos": "NE",
          "labelBold": true,
          "labelShiftCoords": [0, 0.5]
        },
        {
          "coords": [150, -79]
        },
        {
          "coords": [152, -80]
        },
        {
          "coords": [158, -86],
          "name": "Rathaus Neukölln",
          "labelPos": "NE"
        },
        {
          "coords": [164, -92],
          "name": "Karl-Marx-Straße",
          "labelPos": "NE"
        },
        {
          "coords": [164, -98],
          "name": "Neukölln",
          "labelPos": "NE",
          "sBahn": true
        },
        {
          "coords": [164, -104],
          "name": "Grenzallee",
          "labelPos": "NE"
        },
        {
          "coords": [164, -110],
          "name": "Blaschkoallee",
          "labelPos": "NE"
        },
        {
          "coords": [164, -116],
          "name": "Parchimer Allee",
          "labelPos": "NE"
        },
        {
          "coords": [164, -122],
          "name": "Britz-Süd",
          "labelPos": "NE"
        },
        {
          "coords": [164, -128],
          "name": "Johannisthaler Chaussee",
          "labelPos": "NE"
        },
        {
          "coords": [164, -130]
        },
        {
          "coords": [165, -132]
        },
        {
          "coords": [168, -135],
          "name": "Lipschitzallee",
          "labelPos": "NE"
        },
        {
          "coords": [173, -140],
          "name": "Wutzkyallee",
          "labelPos": "NE"
        },
        {
          "coords": [178, -145],
          "name": "Zwickauer Damm",
          "labelPos": "NE"
        },
        {
          "coords": [183, -150],
          "name": "Rudow",
          "labelPos": "NE",
          "labelBold": true,
          "lineLabel": true,
          "lineLabelPath": "labels/U7.svg",
          "lineLabelPos": "S",
          "lineLabelShiftX": -2.2
        }
      ]
    },
    {
      "name": "U8",
      "label": "U8",
      "color": "#080080",
      "shiftCoords": [0, 0],
      "nodes": [
        {
          "coords": [52, 51],
          "name": "Wittenau",
          "labelPos": "NE",
          "labelBold": true,
          "lineLabel": true,
          "lineLabelPath": "labels/U8.svg",
          "lineLabelPos": "W",
          "lineLabelShiftX": -4,
          "lineLabelShiftY": 2.5,
          "sBahn": true
        },
        {
          "coords": [56, 47],
          "name": "Rathaus Reinickendorf",
          "labelPos": "NE"
        },
        {
          "coords": [60, 43],
          "name": "Karl-Bonhoeffer-Nervenklinik",
          "labelPos": "NE"
        },
        {
          "coords": [64, 39],
          "name": "Lindauer Allee",
          "labelPos": "NE"
        },
        {
          "coords": [68, 35],
          "name": "Paracelsus-Bad",
          "labelPos": "NE"
        },
        {
          "coords": [72, 31],
          "name": "Residenzstraße",
          "labelPos": "NE"
        },
        {
          "coords": [76, 27],
          "name": "Franz-Neumann-Platz",
          "labelPos": "NE"
        },
        {
          "coords": [80, 23],
          "name": "Osloer Straße",
          "labelPos": "E",
          "labelBold": true
        },
        {
          "coords": [86, 17],
          "name": "Pankstraße",
          "labelPos": "NE"
        },
        {
          "coords": [93, 10],
          "name": "Gesundbrunnen",
          "labelPos": "NE",
          "sBahn": true
        },
        {
          "coords": [100, 3],
          "name": "Voltastraße",
          "labelPos": "NE"
        },
        {
          "coords": [107, -4],
          "name": "Bernauer Straße",
          "labelPos": "NE"
        },
        {
          "coords": [114, -11],
          "name": "Rosenthaler Platz",
          "labelPos": "W",
          "labelShiftCoords": [-0.5, 0]
        },
        {
          "coords": [121, -18],
          "name": "Weinmeisterstraße",
          "labelPos": "W",
          "labelShiftCoords": [-0.5, 0]
        },
        {
          "coords": [128, -25],
          "name": "Alexanderplatz",
          "labelPos": "NW",
          "labelBold": true,
          "labelShiftCoords": [-1.8, 0],
          "sBahn": true,
          "sBahnLabelNoBeforeSpace": true,
          "sBahnLabelAfterSpace": true
        },
        {
          "coords": [137, -34],
          "name": "Jannowitzbrücke",
          "labelPos": "E",
          "sBahn": true
        },
        {
          "coords": [137, -42],
          "name": "Heinrich-Heine-Straße",
          "labelPos": "E"
        },
        {
          "coords": [137, -49],
          "name": "Moritzplatz",
          "labelPos": "E"
        },
        {
          "coords": [137, -60],
          "name": "Kottbusser Tor",
          "labelPos": "NE",
          "labelBold": true,
          "stationSymbol": "double"
        },
        {
          "coords": [137, -70],
          "name": "Schönleinstraße",
          "labelPos": "E"
        },
        {
          "coords": [137, -79],
          "name": "Hermannplatz",
          "labelPos": "NE",
          "labelBold": true
        },
        {
          "coords": [137, -86],
          "name": "Boddinstraße",
          "labelPos": "E"
        },
        {
          "coords": [137, -92],
          "name": "Leinestraße",
          "labelPos": "E"
        },
        {
          "coords": [137, -98],
          "name": "Hermannstraße",
          "labelPos": "E",
          "labelBold": true,
          "lineLabel": true,
          "lineLabelPath": "labels/U8.svg",
          "lineLabelPos": "W",
          "lineLabelShiftX": -4,
          "lineLabelShiftY": 2.5,
          "sBahn": true
        }
      ]
    },
    {
      "name": "U9",
      "label": "U9",
      "color": "#ff6600",
      "shiftCoords": [0, 0],
      "nodes": [
        {
          "coords": [80, 23],
          "name": "Osloer Straße",
          "labelPos": "E",
          "labelBold": true,
          "lineLabel": true,
          "lineLabelPath": "labels/U9.svg",
          "lineLabelPos": "W",
          "lineLabelShiftX": -5.5,
          "lineLabelShiftY": 2.5
        },
        {
          "coords": [73, 16],
          "name": "Nauener Platz",
          "labelPos": "NW"
        },
        {
          "coords": [66, 9],
          "name": "Leopoldplatz",
          "labelPos": "E",
          "labelBold": true
        },
        {
          "coords": [56, -1],
          "name": "Amrumer Straße",
          "labelPos": "NW"
        },
        {
          "coords": [46, -11],
          "name": "Westhafen",
          "labelPos": "NW",
          "sBahn": true
        },
        {
          "coords": [36, -21],
          "name": "Birkenstraße",
          "labelPos": "NW"
        },
        {
          "coords": [26, -31],
          "name": "Turmstraße",
          "labelPos": "NW"
        },
        {
          "coords": [16, -41],
          "name": "Hansaplatz",
          "labelPos": "SE"
        },
        {
          "coords": [6, -51],
          "name": "Zoologischer Garten",
          "labelPos": "E",
          "labelBold": true,
          "labelShiftCoords": [1, 0],
          "sBahn": true
        },
        {
          "coords": [6, -60],
          "name": "Kurfürstendamm",
          "labelPos": "SW",
          "labelBold": true
        },
        {
          "coords": [6, -75],
          "name": "Spichernstraße",
          "labelPos": "SE"
        },
        {
          "coords": [6, -83],
          "name": "Güntzelstraße",
          "labelPos": "E"
        },
        {
          "coords": [6, -89],
          "name": "Berliner Straße",
          "labelPos": "NE",
          "labelBold": true
        },
        {
          "coords": [6, -95],
          "name": "Bundesplatz",
          "labelPos": "E",
          "sBahn": true
        },
        {
          "coords": [6, -101],
          "name": "Friedrich-Wilhelm-Platz",
          "labelPos": "E"
        },
        {
          "coords": [6, -107],
          "name": "Walther-Schreiber-Platz",
          "labelPos": "E"
        },
        {
          "coords": [6, -113],
          "name": "Schloßstraße",
          "labelPos": "E"
        },
        {
          "coords": [6, -119],
          "name": "Rathaus Steglitz",
          "labelPos": "E",
          "labelBold": true,
          "lineLabel": true,
          "lineLabelPath": "labels/U9.svg",
          "lineLabelPos": "W",
          "lineLabelShiftX": -4,
          "lineLabelShiftY": 2.5,
          "sBahn": true
        }
      ]
    }
  ],
    "wall": {
    "name": "Wall of Berlin",
    "label": "Wall of Berlin",
    "shiftCoords": [0, 0],
    "nodes": [
      {
        "coords": [118, 60]
      },
      {
        "coords": [118, 6]
      },
      {
        "coords": [117, 4]
      },
      {
        "coords": [114, 1]
      },
      {
        "coords": [112, 0]
      },
      {
        "coords": [83, 0]
      },
      {
        "coords": [81, -1]
      },
      {
        "coords": [71, -11]
      },
      {
        "coords": [70, -13]
      },
      {
        "coords": [70, -45]
      },
      {
        "coords": [71, -47]
      },
      {
        "coords": [172, -47]
      },
      {
        "coords": [174, -48]
      },
      {
        "coords": [178, -52]
      },
      {
        "coords": [179, -54]
      },
      {
        "coords": [179, -70]
      },
      {
        "coords": [180, -72]
      },
      {
        "coords": [246, -138]
      }
    ]
  }
}
