{
  "stations": {
    "U Ruhleben": {
      "id": 27586255,
      "name": "U Ruhleben",
      "label": "U Ruhleben",
      "position": {
        "lat": 52.5256744,
        "lon": 13.2414191
      }
    },
    "U Amrumer Straße": {
      "id": 29045595,
      "name": "U Amrumer Straße",
      "label": "U Amrumer Straße",
      "position": {
        "lat": 52.5423332,
        "lon": 13.3501546
      }
    },
    "U Zoologischer Garten": {
      "id": 29046450,
      "name": "U Zoologischer Garten",
      "label": "U Zoologischer Garten",
      "position": {
        "lat": 52.5058669,
        "lon": 13.3330236
      }
    },
    "U Kurfürstendamm": {
      "id": 29046970,
      "name": "U Kurfürstendamm",
      "label": "U Kurfürstendamm",
      "position": {
        "lat": 52.5038223,
        "lon": 13.3314365
      }
    },
    "U Güntzelstraße": {
      "id": 29046976,
      "name": "U Güntzelstraße",
      "label": "U Güntzelstraße",
      "position": {
        "lat": 52.4920843,
        "lon": 13.3310064
      }
    },
    "U Berliner Straße": {
      "id": 29046979,
      "name": "U Berliner Straße",
      "label": "U Berliner Straße",
      "position": {
        "lat": 52.4873298,
        "lon": 13.3310103
      }
    },
    "U Friedrich-Wilhelm-Platz": {
      "id": 29046999,
      "name": "U Friedrich-Wilhelm-Platz",
      "label": "U Friedrich-Wilhelm-Platz",
      "position": {
        "lat": 52.4721217,
        "lon": 13.3287301
      }
    },
    "U Walther-Schreiber-Platz": {
      "id": 29047043,
      "name": "U Walther-Schreiber-Platz",
      "label": "U Walther-Schreiber-Platz",
      "position": {
        "lat": 52.4653254,
        "lon": 13.3282601
      }
    },
    "U Schloßstraße": {
      "id": 29047045,
      "name": "U Schloßstraße",
      "label": "U Schloßstraße",
      "position": {
        "lat": 52.461481,
        "lon": 13.3250946
      }
    },
    "U Rathaus Steglitz": {
      "id": 29047047,
      "name": "U Rathaus Steglitz",
      "label": "U Rathaus Steglitz",
      "position": {
        "lat": 52.4568021,
        "lon": 13.3209192
      }
    },
    "U Französische Straße": {
      "id": 29058259,
      "name": "U Französische Straße",
      "label": "U Französische Straße",
      "position": {
        "lat": 52.5148248,
        "lon": 13.3891706
      }
    },
    "U Theodor-Heuss-Platz": {
      "id": 29123754,
      "name": "U Theodor-Heuss-Platz",
      "label": "U Theodor-Heuss-Platz",
      "position": {
        "lat": 52.5099869,
        "lon": 13.2722217
      }
    },
    "U Neu-Westend": {
      "id": 29123761,
      "name": "U Neu-Westend",
      "label": "U Neu-Westend",
      "position": {
        "lat": 52.5162154,
        "lon": 13.2592357
      }
    },
    "U Deutsche Oper": {
      "id": 29123763,
      "name": "U Deutsche Oper",
      "label": "U Deutsche Oper",
      "position": {
        "lat": 52.511837,
        "lon": 13.3105328
      }
    },
    "U Ernst-Reuter-Platz": {
      "id": 29123764,
      "name": "U Ernst-Reuter-Platz",
      "label": "U Ernst-Reuter-Platz",
      "position": {
        "lat": 52.5118853,
        "lon": 13.3221613
      }
    },
    "U Lindauer Allee": {
      "id": 29190897,
      "name": "U Lindauer Allee",
      "label": "U Lindauer Allee",
      "position": {
        "lat": 52.5754161,
        "lon": 13.3384251
      }
    },
    "U Jannowitzbrücke": {
      "id": 29494301,
      "name": "U Jannowitzbrücke",
      "label": "U Jannowitzbrücke",
      "position": {
        "lat": 52.5153554,
        "lon": 13.4181732
      }
    },
    "U Innsbrucker Platz": {
      "id": 29497638,
      "name": "U Innsbrucker Platz",
      "label": "U Innsbrucker Platz",
      "position": {
        "lat": 52.478987,
        "lon": 13.3436736
      }
    },
    "U Bayerischer Platz": {
      "id": 29833469,
      "name": "U Bayerischer Platz",
      "label": "U Bayerischer Platz",
      "position": {
        "lat": 52.4885755,
        "lon": 13.3405436
      }
    },
    "U Hermannstraße": {
      "id": 31048718,
      "name": "U Hermannstraße",
      "label": "U Hermannstraße",
      "position": {
        "lat": 52.4672622,
        "lon": 13.4314659
      }
    },
    "U Bismarckstraße": {
      "id": 31207787,
      "name": "U Bismarckstraße",
      "label": "U Bismarckstraße",
      "position": {
        "lat": 52.5115148,
        "lon": 13.3052393
      }
    },
    "U Richard-Wagner-Platz": {
      "id": 31207789,
      "name": "U Richard-Wagner-Platz",
      "label": "U Richard-Wagner-Platz",
      "position": {
        "lat": 52.517387,
        "lon": 13.306588
      }
    },
    "U Eisenacher Straße": {
      "id": 76474606,
      "name": "U Eisenacher Straße",
      "label": "U Eisenacher Straße",
      "position": {
        "lat": 52.4895529,
        "lon": 13.3501694
      }
    },
    "U Rathaus Reinickendorf": {
      "id": 107606908,
      "name": "U Rathaus Reinickendorf",
      "label": "U Rathaus Reinickendorf",
      "position": {
        "lat": 52.5883733,
        "lon": 13.3259254
      }
    },
    "U Südstern": {
      "id": 129730678,
      "name": "U Südstern",
      "label": "U Südstern",
      "position": {
        "lat": 52.4892983,
        "lon": 13.4076671
      }
    },
    "U Yorckstraße": {
      "id": 174817813,
      "name": "U Yorckstraße",
      "label": "U Yorckstraße",
      "position": {
        "lat": 52.4929715,
        "lon": 13.3706891
      }
    },
    "U Friedrichsfelde": {
      "id": 193661797,
      "name": "U Friedrichsfelde",
      "label": "U Friedrichsfelde",
      "position": {
        "lat": 52.5061644,
        "lon": 13.5128387
      }
    },
    "U Gneisenaustraße": {
      "id": 259845849,
      "name": "U Gneisenaustraße",
      "label": "U Gneisenaustraße",
      "position": {
        "lat": 52.4912895,
        "lon": 13.3958247
      }
    },
    "U Kaiserdamm": {
      "id": 316021790,
      "name": "U Kaiserdamm",
      "label": "U Kaiserdamm",
      "position": {
        "lat": 52.5100921,
        "lon": 13.2831263
      }
    },
    "U Elsterwerdaer Platz": {
      "id": 557830030,
      "name": "U Elsterwerdaer Platz",
      "label": "U Elsterwerdaer Platz",
      "position": {
        "lat": 52.5052929,
        "lon": 13.560878
      }
    },
    "U Biesdorf-Süd": {
      "id": 557840857,
      "name": "U Biesdorf-Süd",
      "label": "U Biesdorf-Süd",
      "position": {
        "lat": 52.4996047,
        "lon": 13.5465321
      }
    },
    "U Rosenthaler Platz": {
      "id": 1498939809,
      "name": "U Rosenthaler Platz",
      "label": "U Rosenthaler Platz",
      "position": {
        "lat": 52.5298999,
        "lon": 13.4011206
      }
    },
    "U Gleisdreieck": {
      "id": 2102139395,
      "name": "U Gleisdreieck",
      "label": "U Gleisdreieck",
      "position": {
        "lat": 52.4995261,
        "lon": 13.3740318
      }
    },
    "U Gesundbrunnen": {
      "id": 2461322542,
      "name": "U Gesundbrunnen",
      "label": "U Gesundbrunnen",
      "position": {
        "lat": 52.5488223,
        "lon": 13.3883057
      }
    },
    "U Wedding": {
      "id": 2924245392,
      "name": "U Wedding",
      "label": "U Wedding",
      "position": {
        "lat": 52.5430625,
        "lon": 13.3650375
      }
    },
    "U Stadtmitte (U2)": {
      "id": 3352091173,
      "name": "U Stadtmitte (U2)",
      "label": "U Stadtmitte (U2)",
      "position": {
        "lat": 52.5121459,
        "lon": 13.3905632
      }
    },
    "U Seestraße": {
      "id": 3772787174,
      "name": "U Seestraße",
      "label": "U Seestraße",
      "position": {
        "lat": 52.5498029,
        "lon": 13.3531176
      }
    },
    "U Leopoldplatz": {
      "id": 3772836700,
      "name": "U Leopoldplatz",
      "label": "U Leopoldplatz",
      "position": {
        "lat": 52.5463833,
        "lon": 13.3591672
      }
    },
    "U Frankfurter Allee": {
      "id": 3799307108,
      "name": "U Frankfurter Allee",
      "label": "U Frankfurter Allee",
      "position": {
        "lat": 52.5136227,
        "lon": 13.4754364
      }
    },
    "U Voltastraße": {
      "id": 3844356478,
      "name": "U Voltastraße",
      "label": "U Voltastraße",
      "position": {
        "lat": 52.5422898,
        "lon": 13.392876
      }
    },
    "U Moritzplatz": {
      "id": 3844467019,
      "name": "U Moritzplatz",
      "label": "U Moritzplatz",
      "position": {
        "lat": 52.5036623,
        "lon": 13.4107479
      }
    },
    "U Schönleinstraße": {
      "id": 3844501316,
      "name": "U Schönleinstraße",
      "label": "U Schönleinstraße",
      "position": {
        "lat": 52.4930552,
        "lon": 13.4220572
      }
    },
    "U Boddinstraße": {
      "id": 3846415853,
      "name": "U Boddinstraße",
      "label": "U Boddinstraße",
      "position": {
        "lat": 52.4801685,
        "lon": 13.425281
      }
    },
    "U Leinestraße": {
      "id": 3846471665,
      "name": "U Leinestraße",
      "label": "U Leinestraße",
      "position": {
        "lat": 52.4729787,
        "lon": 13.4283545
      }
    },
    "U Strausberger Platz": {
      "id": 3846589198,
      "name": "U Strausberger Platz",
      "label": "U Strausberger Platz",
      "position": {
        "lat": 52.5180981,
        "lon": 13.4315264
      }
    },
    "U Dahlem-Dorf": {
      "id": 3846748389,
      "name": "U Dahlem-Dorf",
      "label": "U Dahlem-Dorf",
      "position": {
        "lat": 52.4574096,
        "lon": 13.2897049
      }
    },
    "U Weberwiese": {
      "id": 3846755695,
      "name": "U Weberwiese",
      "label": "U Weberwiese",
      "position": {
        "lat": 52.5167465,
        "lon": 13.4447135
      }
    },
    "U Grenzallee": {
      "id": 3851450060,
      "name": "U Grenzallee",
      "label": "U Grenzallee",
      "position": {
        "lat": 52.4628825,
        "lon": 13.4447716
      }
    },
    "U Rehberge": {
      "id": 3854167532,
      "name": "U Rehberge",
      "label": "U Rehberge",
      "position": {
        "lat": 52.5566893,
        "lon": 13.3409843
      }
    },
    "U Hallesches Tor (U1, U3)": {
      "id": 3854590997,
      "name": "U Hallesches Tor (U1, U3)",
      "label": "U Hallesches Tor (U1, U3)",
      "position": {
        "lat": 52.4977596,
        "lon": 13.3906496
      }
    },
    "U Potsdamer Platz": {
      "id": 3854591000,
      "name": "U Potsdamer Platz",
      "label": "U Potsdamer Platz",
      "position": {
        "lat": 52.5091586,
        "lon": 13.3782147
      }
    },
    "U Hauptbahnhof": {
      "id": 3856100108,
      "name": "U Hauptbahnhof",
      "label": "U Hauptbahnhof",
      "position": {
        "lat": 52.5252819,
        "lon": 13.3701242
      }
    },
    "U Britz-Süd": {
      "id": 3856551765,
      "name": "U Britz-Süd",
      "label": "U Britz-Süd",
      "position": {
        "lat": 52.4377918,
        "lon": 13.4481868
      }
    },
    "U Johannisthaler Chaussee": {
      "id": 3856551767,
      "name": "U Johannisthaler Chaussee",
      "label": "U Johannisthaler Chaussee",
      "position": {
        "lat": 52.4293213,
        "lon": 13.4533376
      }
    },
    "U Lipschitzallee": {
      "id": 3856551769,
      "name": "U Lipschitzallee",
      "label": "U Lipschitzallee",
      "position": {
        "lat": 52.4246425,
        "lon": 13.4626984
      }
    },
    "U Rudow": {
      "id": 3856551771,
      "name": "U Rudow",
      "label": "U Rudow",
      "position": {
        "lat": 52.41617,
        "lon": 13.4953978
      }
    },
    "U Zwickauer Damm": {
      "id": 3856551777,
      "name": "U Zwickauer Damm",
      "label": "U Zwickauer Damm",
      "position": {
        "lat": 52.4233803,
        "lon": 13.4839403
      }
    },
    "U Afrikanische Straße": {
      "id": 3858579923,
      "name": "U Afrikanische Straße",
      "label": "U Afrikanische Straße",
      "position": {
        "lat": 52.5602382,
        "lon": 13.3346178
      }
    },
    "U Kurt-Schumacher-Platz": {
      "id": 3858818979,
      "name": "U Kurt-Schumacher-Platz",
      "label": "U Kurt-Schumacher-Platz",
      "position": {
        "lat": 52.5632274,
        "lon": 13.327129
      }
    },
    "U Scharnweberstraße": {
      "id": 3858932763,
      "name": "U Scharnweberstraße",
      "label": "U Scharnweberstraße",
      "position": {
        "lat": 52.5668172,
        "lon": 13.3126219
      }
    },
    "U Otisstraße": {
      "id": 3859009452,
      "name": "U Otisstraße",
      "label": "U Otisstraße",
      "position": {
        "lat": 52.5710338,
        "lon": 13.3029254
      }
    },
    "U Holzhauser Straße": {
      "id": 3859032226,
      "name": "U Holzhauser Straße",
      "label": "U Holzhauser Straße",
      "position": {
        "lat": 52.575692,
        "lon": 13.2961132
      }
    },
    "U Borsigwerke": {
      "id": 3862380796,
      "name": "U Borsigwerke",
      "label": "U Borsigwerke",
      "position": {
        "lat": 52.5818407,
        "lon": 13.2905918
      }
    },
    "U Brandenburger Tor": {
      "id": 3862767512,
      "name": "U Brandenburger Tor",
      "label": "U Brandenburger Tor",
      "position": {
        "lat": 52.5166047,
        "lon": 13.3809897
      }
    },
    "U Neukölln": {
      "id": 3865616067,
      "name": "U Neukölln",
      "label": "U Neukölln",
      "position": {
        "lat": 52.4685956,
        "lon": 13.4418203
      }
    },
    "U Weinmeisterstraße": {
      "id": 3867910440,
      "name": "U Weinmeisterstraße",
      "label": "U Weinmeisterstraße",
      "position": {
        "lat": 52.5254666,
        "lon": 13.4050194
      }
    },
    "U Friedrichstraße": {
      "id": 3869306768,
      "name": "U Friedrichstraße",
      "label": "U Friedrichstraße",
      "position": {
        "lat": 52.5202635,
        "lon": 13.3882862
      }
    },
    "U Mohrenstraße": {
      "id": 3870475231,
      "name": "U Mohrenstraße",
      "label": "U Mohrenstraße",
      "position": {
        "lat": 52.5117915,
        "lon": 13.3850915
      }
    },
    "U Warschauer Straße": {
      "id": 3870914569,
      "name": "U Warschauer Straße",
      "label": "U Warschauer Straße",
      "position": {
        "lat": 52.505014,
        "lon": 13.4490065
      }
    },
    "U Krumme Lanke": {
      "id": 3872477458,
      "name": "U Krumme Lanke",
      "label": "U Krumme Lanke",
      "position": {
        "lat": 52.4434481,
        "lon": 13.2413921
      }
    },
    "U Görlitzer Bahnhof": {
      "id": 3875882001,
      "name": "U Görlitzer Bahnhof",
      "label": "U Görlitzer Bahnhof",
      "position": {
        "lat": 52.4992628,
        "lon": 13.4280355
      }
    },
    "U Klosterstraße": {
      "id": 3876077784,
      "name": "U Klosterstraße",
      "label": "U Klosterstraße",
      "position": {
        "lat": 52.5172347,
        "lon": 13.4124323
      }
    },
    "U Schillingstraße": {
      "id": 3876218098,
      "name": "U Schillingstraße",
      "label": "U Schillingstraße",
      "position": {
        "lat": 52.52079,
        "lon": 13.4211125
      }
    },
    "U Frankfurter Tor": {
      "id": 3876349058,
      "name": "U Frankfurter Tor",
      "label": "U Frankfurter Tor",
      "position": {
        "lat": 52.515818,
        "lon": 13.4539745
      }
    },
    "U Schlesisches Tor": {
      "id": 3876481637,
      "name": "U Schlesisches Tor",
      "label": "U Schlesisches Tor",
      "position": {
        "lat": 52.5008341,
        "lon": 13.4414625
      }
    },
    "U Westhafen": {
      "id": 3876909306,
      "name": "U Westhafen",
      "label": "U Westhafen",
      "position": {
        "lat": 52.536735,
        "lon": 13.3425741
      }
    },
    "U Prinzenstraße": {
      "id": 3881590700,
      "name": "U Prinzenstraße",
      "label": "U Prinzenstraße",
      "position": {
        "lat": 52.4983972,
        "lon": 13.40591
      }
    },
    "U Alt Mariendorf": {
      "id": 3884823930,
      "name": "U Alt Mariendorf",
      "label": "U Alt Mariendorf",
      "position": {
        "lat": 52.4396754,
        "lon": 13.3875138
      }
    },
    "U Platz der Luftbrücke": {
      "id": 3887567777,
      "name": "U Platz der Luftbrücke",
      "label": "U Platz der Luftbrücke",
      "position": {
        "lat": 52.4860843,
        "lon": 13.3859508
      }
    },
    "U Paracelsus-Bad": {
      "id": 3894910680,
      "name": "U Paracelsus-Bad",
      "label": "U Paracelsus-Bad",
      "position": {
        "lat": 52.5742433,
        "lon": 13.348511
      }
    },
    "U Residenzstraße": {
      "id": 3895051317,
      "name": "U Residenzstraße",
      "label": "U Residenzstraße",
      "position": {
        "lat": 52.5711895,
        "lon": 13.3604739
      }
    },
    "U Franz-Neumann-Platz": {
      "id": 3895235324,
      "name": "U Franz-Neumann-Platz",
      "label": "U Franz-Neumann-Platz",
      "position": {
        "lat": 52.5645392,
        "lon": 13.3639236
      }
    },
    "U Vinetastraße": {
      "id": 3896661775,
      "name": "U Vinetastraße",
      "label": "U Vinetastraße",
      "position": {
        "lat": 52.5593248,
        "lon": 13.413278
      }
    },
    "U Kaiserin-Augusta-Straße": {
      "id": 3898068655,
      "name": "U Kaiserin-Augusta-Straße",
      "label": "U Kaiserin-Augusta-Straße",
      "position": {
        "lat": 52.4599764,
        "lon": 13.3846346
      }
    },
    "U Westphalweg": {
      "id": 3898404805,
      "name": "U Westphalweg",
      "label": "U Westphalweg",
      "position": {
        "lat": 52.4462674,
        "lon": 13.3856905
      }
    },
    "U Kottbusser Tor": {
      "id": 3900136339,
      "name": "U Kottbusser Tor",
      "label": "U Kottbusser Tor",
      "position": {
        "lat": 52.4989853,
        "lon": 13.4183107
      }
    },
    "U Sophie-Charlotte-Platz": {
      "id": 3900580952,
      "name": "U Sophie-Charlotte-Platz",
      "label": "U Sophie-Charlotte-Platz",
      "position": {
        "lat": 52.5109137,
        "lon": 13.2963306
      }
    },
    "U Nollendorfplatz": {
      "id": 3901824902,
      "name": "U Nollendorfplatz",
      "label": "U Nollendorfplatz",
      "position": {
        "lat": 52.4995972,
        "lon": 13.3537297
      }
    },
    "U Spittelmarkt": {
      "id": 3904674211,
      "name": "U Spittelmarkt",
      "label": "U Spittelmarkt",
      "position": {
        "lat": 52.5112959,
        "lon": 13.4041155
      }
    },
    "U Kurfürstenstraße": {
      "id": 3906622702,
      "name": "U Kurfürstenstraße",
      "label": "U Kurfürstenstraße",
      "position": {
        "lat": 52.4999599,
        "lon": 13.3619411
      }
    },
    "U Schwartzkopffstraße": {
      "id": 3906729688,
      "name": "U Schwartzkopffstraße",
      "label": "U Schwartzkopffstraße",
      "position": {
        "lat": 52.5351574,
        "lon": 13.377318
      }
    },
    "U Senefelderplatz": {
      "id": 3916325095,
      "name": "U Senefelderplatz",
      "label": "U Senefelderplatz",
      "position": {
        "lat": 52.5323899,
        "lon": 13.4126861
      }
    },
    "U Konstanzer Straße": {
      "id": 3918542874,
      "name": "U Konstanzer Straße",
      "label": "U Konstanzer Straße",
      "position": {
        "lat": 52.4945315,
        "lon": 13.3090745
      }
    },
    "U Karl-Marx-Straße": {
      "id": 3918711741,
      "name": "U Karl-Marx-Straße",
      "label": "U Karl-Marx-Straße",
      "position": {
        "lat": 52.4762696,
        "lon": 13.4393375
      }
    },
    "U Oranienburger Tor": {
      "id": 3928759793,
      "name": "U Oranienburger Tor",
      "label": "U Oranienburger Tor",
      "position": {
        "lat": 52.5255998,
        "lon": 13.3873583
      }
    },
    "U Adenauerplatz": {
      "id": 3931919580,
      "name": "U Adenauerplatz",
      "label": "U Adenauerplatz",
      "position": {
        "lat": 52.5000028,
        "lon": 13.3073226
      }
    },
    "U Cottbusser Platz": {
      "id": 3933477396,
      "name": "U Cottbusser Platz",
      "label": "U Cottbusser Platz",
      "position": {
        "lat": 52.5338331,
        "lon": 13.5964015
      }
    },
    "U Kaulsdorf-Nord": {
      "id": 3933477399,
      "name": "U Kaulsdorf-Nord",
      "label": "U Kaulsdorf-Nord",
      "position": {
        "lat": 52.5211535,
        "lon": 13.5889176
      }
    },
    "U Magdalenenstraße": {
      "id": 3933477401,
      "name": "U Magdalenenstraße",
      "label": "U Magdalenenstraße",
      "position": {
        "lat": 52.5124541,
        "lon": 13.4870792
      }
    },
    "U Kienberg (Gärten der Welt)": {
      "id": 3933477404,
      "name": "U Kienberg (Gärten der Welt)",
      "label": "U Kienberg (Gärten der Welt)",
      "position": {
        "lat": 52.5286152,
        "lon": 13.5906369
      }
    },
    "U Nauener Platz": {
      "id": 3933566460,
      "name": "U Nauener Platz",
      "label": "U Nauener Platz",
      "position": {
        "lat": 52.5514056,
        "lon": 13.3671696
      }
    },
    "U Mendelssohn-Bartholdy-Park": {
      "id": 3933855820,
      "name": "U Mendelssohn-Bartholdy-Park",
      "label": "U Mendelssohn-Bartholdy-Park",
      "position": {
        "lat": 52.5039086,
        "lon": 13.3749852
      }
    },
    "U Möckernbrücke": {
      "id": 3933855823,
      "name": "U Möckernbrücke",
      "label": "U Möckernbrücke",
      "position": {
        "lat": 52.4986927,
        "lon": 13.383123
      }
    },
    "U Pankstraße": {
      "id": 3933855829,
      "name": "U Pankstraße",
      "label": "U Pankstraße",
      "position": {
        "lat": 52.5522617,
        "lon": 13.3814583
      }
    },
    "U Samariterstraße": {
      "id": 3935369912,
      "name": "U Samariterstraße",
      "label": "U Samariterstraße",
      "position": {
        "lat": 52.5147399,
        "lon": 13.4644405
      }
    },
    "U Hönow": {
      "id": 3935470812,
      "name": "U Hönow",
      "label": "U Hönow",
      "position": {
        "lat": 52.5384335,
        "lon": 13.633123
      }
    },
    "U Bülowstraße": {
      "id": 3946122064,
      "name": "U Bülowstraße",
      "label": "U Bülowstraße",
      "position": {
        "lat": 52.4975858,
        "lon": 13.3632209
      }
    },
    "U Hausvogteiplatz": {
      "id": 3947836158,
      "name": "U Hausvogteiplatz",
      "label": "U Hausvogteiplatz",
      "position": {
        "lat": 52.5133502,
        "lon": 13.395591
      }
    },
    "U Alt-Tempelhof": {
      "id": 3948690912,
      "name": "U Alt-Tempelhof",
      "label": "U Alt-Tempelhof",
      "position": {
        "lat": 52.4655217,
        "lon": 13.3856299
      }
    },
    "U Ullsteinstraße": {
      "id": 3948690916,
      "name": "U Ullsteinstraße",
      "label": "U Ullsteinstraße",
      "position": {
        "lat": 52.4537449,
        "lon": 13.3844659
      }
    },
    "U Mehringdamm": {
      "id": 3949521962,
      "name": "U Mehringdamm",
      "label": "U Mehringdamm",
      "position": {
        "lat": 52.4941308,
        "lon": 13.3886168
      }
    },
    "U Paradestraße": {
      "id": 3949521963,
      "name": "U Paradestraße",
      "label": "U Paradestraße",
      "position": {
        "lat": 52.4780189,
        "lon": 13.3862561
      }
    },
    "U Lichtenberg": {
      "id": 3950105985,
      "name": "U Lichtenberg",
      "label": "U Lichtenberg",
      "position": {
        "lat": 52.5111151,
        "lon": 13.4986022
      }
    },
    "U Onkel Toms Hütte": {
      "id": 3955368088,
      "name": "U Onkel Toms Hütte",
      "label": "U Onkel Toms Hütte",
      "position": {
        "lat": 52.4498912,
        "lon": 13.2530752
      }
    },
    "U Oskar-Helene-Heim": {
      "id": 3955368093,
      "name": "U Oskar-Helene-Heim",
      "label": "U Oskar-Helene-Heim",
      "position": {
        "lat": 52.4503608,
        "lon": 13.2690711
      }
    },
    "U Freie Universität (Thielplatz)": {
      "id": 3955368095,
      "name": "U Freie Universität (Thielplatz)",
      "label": "U Freie Universität (Thielplatz)",
      "position": {
        "lat": 52.4510388,
        "lon": 13.281744
      }
    },
    "U Uhlandstraße": {
      "id": 3957757603,
      "name": "U Uhlandstraße",
      "label": "U Uhlandstraße",
      "position": {
        "lat": 52.5028118,
        "lon": 13.3266968
      }
    },
    "U Wittenbergplatz": {
      "id": 3957757604,
      "name": "U Wittenbergplatz",
      "label": "U Wittenbergplatz",
      "position": {
        "lat": 52.5017976,
        "lon": 13.3430005
      }
    },
    "U Hansaplatz": {
      "id": 3957897529,
      "name": "U Hansaplatz",
      "label": "U Hansaplatz",
      "position": {
        "lat": 52.518008,
        "lon": 13.3420365
      }
    },
    "U Birkenstraße": {
      "id": 3959201657,
      "name": "U Birkenstraße",
      "label": "U Birkenstraße",
      "position": {
        "lat": 52.5323818,
        "lon": 13.3413533
      }
    },
    "U Blaschkoallee": {
      "id": 3959389239,
      "name": "U Blaschkoallee",
      "label": "U Blaschkoallee",
      "position": {
        "lat": 52.4520801,
        "lon": 13.4492022
      }
    },
    "U Blissestraße": {
      "id": 3959653399,
      "name": "U Blissestraße",
      "label": "U Blissestraße",
      "position": {
        "lat": 52.4864895,
        "lon": 13.3205449
      }
    },
    "U Breitenbachplatz": {
      "id": 3959895235,
      "name": "U Breitenbachplatz",
      "label": "U Breitenbachplatz",
      "position": {
        "lat": 52.4670266,
        "lon": 13.3088711
      }
    },
    "U Osloer Straße": {
      "id": 3983548303,
      "name": "U Osloer Straße",
      "label": "U Osloer Straße",
      "position": {
        "lat": 52.5571597,
        "lon": 13.3732715
      }
    },
    "U Bundestag": {
      "id": 4213705914,
      "name": "U Bundestag",
      "label": "U Bundestag",
      "position": {
        "lat": 52.5201123,
        "lon": 13.3729545
      }
    },
    "U Turmstraße": {
      "id": 4440948591,
      "name": "U Turmstraße",
      "label": "U Turmstraße",
      "position": {
        "lat": 52.5261489,
        "lon": 13.3412971
      }
    },
    "U Siemensdamm": {
      "id": 4512633105,
      "name": "U Siemensdamm",
      "label": "U Siemensdamm",
      "position": {
        "lat": 52.5367748,
        "lon": 13.2727638
      }
    },
    "U Tierpark": {
      "id": 4598319045,
      "name": "U Tierpark",
      "label": "U Tierpark",
      "position": {
        "lat": 52.4977241,
        "lon": 13.5229595
      }
    },
    "U Alexanderplatz": {
      "id": 4598414751,
      "name": "U Alexanderplatz",
      "label": "U Alexanderplatz",
      "position": {
        "lat": 52.5215849,
        "lon": 13.4139082
      }
    },
    "U Jungfernheide": {
      "id": 4644994619,
      "name": "U Jungfernheide",
      "label": "U Jungfernheide",
      "position": {
        "lat": 52.5307879,
        "lon": 13.3006301
      }
    },
    "U Louis-Lewin-Straße": {
      "id": 4788379933,
      "name": "U Louis-Lewin-Straße",
      "label": "U Louis-Lewin-Straße",
      "position": {
        "lat": 52.538977,
        "lon": 13.6183463
      }
    },
    "U Hellersdorf": {
      "id": 4788379937,
      "name": "U Hellersdorf",
      "label": "U Hellersdorf",
      "position": {
        "lat": 52.5366883,
        "lon": 13.606672
      }
    },
    "U Märkisches Museum": {
      "id": 4940731304,
      "name": "U Märkisches Museum",
      "label": "U Märkisches Museum",
      "position": {
        "lat": 52.5123348,
        "lon": 13.4101754
      }
    },
    "U Rathaus Spandau": {
      "id": 4989868817,
      "name": "U Rathaus Spandau",
      "label": "U Rathaus Spandau",
      "position": {
        "lat": 52.5351709,
        "lon": 13.1997742
      }
    },
    "U Kleistpark": {
      "id": 5099979652,
      "name": "U Kleistpark",
      "label": "U Kleistpark",
      "position": {
        "lat": 52.4903665,
        "lon": 13.3602198
      }
    },
    "U Naturkundemuseum": {
      "id": 5116771727,
      "name": "U Naturkundemuseum",
      "label": "U Naturkundemuseum",
      "position": {
        "lat": 52.5310582,
        "lon": 13.3824489
      }
    },
    "U Kochstraße/Checkpoint Charlie": {
      "id": 5116771809,
      "name": "U Kochstraße/Checkpoint Charlie",
      "label": "U Kochstraße/Checkpoint Charlie",
      "position": {
        "lat": 52.5060447,
        "lon": 13.3906125
      }
    },
    "U Rathaus Schöneberg": {
      "id": 5134482957,
      "name": "U Rathaus Schöneberg",
      "label": "U Rathaus Schöneberg",
      "position": {
        "lat": 52.4831773,
        "lon": 13.341972
      }
    },
    "U Viktoria-Luise-Platz": {
      "id": 5134716875,
      "name": "U Viktoria-Luise-Platz",
      "label": "U Viktoria-Luise-Platz",
      "position": {
        "lat": 52.4961755,
        "lon": 13.3431855
      }
    },
    "U Rüdesheimer Platz": {
      "id": 5149137347,
      "name": "U Rüdesheimer Platz",
      "label": "U Rüdesheimer Platz",
      "position": {
        "lat": 52.4732464,
        "lon": 13.314415
      }
    },
    "U Podbielskiallee": {
      "id": 5160531362,
      "name": "U Podbielskiallee",
      "label": "U Podbielskiallee",
      "position": {
        "lat": 52.4641033,
        "lon": 13.2957519
      }
    },
    "U Augsburger Straße": {
      "id": 5162689183,
      "name": "U Augsburger Straße",
      "label": "U Augsburger Straße",
      "position": {
        "lat": 52.5004423,
        "lon": 13.3364644
      }
    },
    "U Heidelberger Platz": {
      "id": 5162689184,
      "name": "U Heidelberger Platz",
      "label": "U Heidelberger Platz",
      "position": {
        "lat": 52.4797961,
        "lon": 13.3128835
      }
    },
    "U Hohenzollernplatz": {
      "id": 5162689220,
      "name": "U Hohenzollernplatz",
      "label": "U Hohenzollernplatz",
      "position": {
        "lat": 52.4940847,
        "lon": 13.3247547
      }
    },
    "U Spichernstraße": {
      "id": 5162689571,
      "name": "U Spichernstraße",
      "label": "U Spichernstraße",
      "position": {
        "lat": 52.4964453,
        "lon": 13.3310091
      }
    },
    "U Fehrbelliner Platz": {
      "id": 5162689572,
      "name": "U Fehrbelliner Platz",
      "label": "U Fehrbelliner Platz",
      "position": {
        "lat": 52.4905442,
        "lon": 13.3151361
      }
    },
    "U Hermannplatz": {
      "id": 5171026793,
      "name": "U Hermannplatz",
      "label": "U Hermannplatz",
      "position": {
        "lat": 52.4862857,
        "lon": 13.4245531
      }
    },
    "U Rathaus Neukölln": {
      "id": 5171026794,
      "name": "U Rathaus Neukölln",
      "label": "U Rathaus Neukölln",
      "position": {
        "lat": 52.4816522,
        "lon": 13.4341793
      }
    },
    "U Parchimer Allee": {
      "id": 5171026799,
      "name": "U Parchimer Allee",
      "label": "U Parchimer Allee",
      "position": {
        "lat": 52.4447743,
        "lon": 13.4495999
      }
    },
    "U Jakob-Kaiser-Platz": {
      "id": 5176114547,
      "name": "U Jakob-Kaiser-Platz",
      "label": "U Jakob-Kaiser-Platz",
      "position": {
        "lat": 52.5362794,
        "lon": 13.2933009
      }
    },
    "U Wilmersdorfer Straße": {
      "id": 5176114617,
      "name": "U Wilmersdorfer Straße",
      "label": "U Wilmersdorfer Straße",
      "position": {
        "lat": 52.5066749,
        "lon": 13.3066372
      }
    },
    "U Zitadelle": {
      "id": 5183374155,
      "name": "U Zitadelle",
      "label": "U Zitadelle",
      "position": {
        "lat": 52.537652,
        "lon": 13.2175358
      }
    },
    "U Paulsternstraße": {
      "id": 5183375788,
      "name": "U Paulsternstraße",
      "label": "U Paulsternstraße",
      "position": {
        "lat": 52.5379819,
        "lon": 13.2478176
      }
    },
    "U Halemweg": {
      "id": 5183375797,
      "name": "U Halemweg",
      "label": "U Halemweg",
      "position": {
        "lat": 52.5366262,
        "lon": 13.2861036
      }
    },
    "U Reinickendorfer Straße": {
      "id": 5198810677,
      "name": "U Reinickendorfer Straße",
      "label": "U Reinickendorfer Straße",
      "position": {
        "lat": 52.5400429,
        "lon": 13.3702888
      }
    },
    "U Schönhauser Allee": {
      "id": 5219721336,
      "name": "U Schönhauser Allee",
      "label": "U Schönhauser Allee",
      "position": {
        "lat": 52.5494885,
        "lon": 13.4137114
      }
    },
    "U Karl-Bonhoeffer-Nervenklinik": {
      "id": 5219721338,
      "name": "U Karl-Bonhoeffer-Nervenklinik",
      "label": "U Karl-Bonhoeffer-Nervenklinik",
      "position": {
        "lat": 52.5786231,
        "lon": 13.3335031
      }
    },
    "U Wittenau": {
      "id": 5219721339,
      "name": "U Wittenau",
      "label": "U Wittenau",
      "position": {
        "lat": 52.5956412,
        "lon": 13.3347115
      }
    },
    "U Rosa-Luxemburg-Platz": {
      "id": 5219756617,
      "name": "U Rosa-Luxemburg-Platz",
      "label": "U Rosa-Luxemburg-Platz",
      "position": {
        "lat": 52.5276951,
        "lon": 13.4104868
      }
    },
    "U Mierendorffplatz": {
      "id": 5219756618,
      "name": "U Mierendorffplatz",
      "label": "U Mierendorffplatz",
      "position": {
        "lat": 52.5263437,
        "lon": 13.3047721
      }
    },
    "U Pankow": {
      "id": 5220107618,
      "name": "U Pankow",
      "label": "U Pankow",
      "position": {
        "lat": 52.56678,
        "lon": 13.4117203
      }
    },
    "U Haselhorst": {
      "id": 5220114129,
      "name": "U Haselhorst",
      "label": "U Haselhorst",
      "position": {
        "lat": 52.5387183,
        "lon": 13.2330942
      }
    },
    "U Stadtmitte (U6)": {
      "id": 5250030091,
      "name": "U Stadtmitte (U6)",
      "label": "U Stadtmitte (U6)",
      "position": {
        "lat": 52.5106178,
        "lon": 13.3898514
      }
    },
    "U Hallesches Tor (U6)": {
      "id": 5250030092,
      "name": "U Hallesches Tor (U6)",
      "label": "U Hallesches Tor (U6)",
      "position": {
        "lat": 52.4988198,
        "lon": 13.3917234
      }
    },
    "U Bundesplatz": {
      "id": 5324318370,
      "name": "U Bundesplatz",
      "label": "U Bundesplatz",
      "position": {
        "lat": 52.4776476,
        "lon": 13.3285001
      }
    },
    "U Rohrdamm": {
      "id": 5330823481,
      "name": "U Rohrdamm",
      "label": "U Rohrdamm",
      "position": {
        "lat": 52.5369951,
        "lon": 13.262306
      }
    },
    "U Tempelhof": {
      "id": 5679382211,
      "name": "U Tempelhof",
      "label": "U Tempelhof",
      "position": {
        "lat": 52.469568,
        "lon": 13.385629
      }
    },
    "U Olympia-Stadion": {
      "id": 5713678268,
      "name": "U Olympia-Stadion",
      "label": "U Olympia-Stadion",
      "position": {
        "lat": 52.5168643,
        "lon": 13.2504479
      }
    },
    "U Heinrich-Heine-Straße": {
      "id": 5713678269,
      "name": "U Heinrich-Heine-Straße",
      "label": "U Heinrich-Heine-Straße",
      "position": {
        "lat": 52.5104484,
        "lon": 13.4160272
      }
    },
    "U Eberswalder Straße": {
      "id": 5713678270,
      "name": "U Eberswalder Straße",
      "label": "U Eberswalder Straße",
      "position": {
        "lat": 52.5415154,
        "lon": 13.4121769
      }
    },
    "U Bernauer Straße": {
      "id": 5713944071,
      "name": "U Bernauer Straße",
      "label": "U Bernauer Straße",
      "position": {
        "lat": 52.5374381,
        "lon": 13.3966175
      }
    },
    "U Alt-Tegel": {
      "id": 5718454109,
      "name": "U Alt-Tegel",
      "label": "U Alt-Tegel",
      "position": {
        "lat": 52.5894565,
        "lon": 13.2837514
      }
    },
    "U Altstadt Spandau": {
      "id": 5726082246,
      "name": "U Altstadt Spandau",
      "label": "U Altstadt Spandau",
      "position": {
        "lat": 52.5388381,
        "lon": 13.2062573
      }
    },
    "U Wutzkyallee": {
      "id": 6555763842,
      "name": "U Wutzkyallee",
      "label": "U Wutzkyallee",
      "position": {
        "lat": 52.4233264,
        "lon": 13.4745668
      }
    }
  },
  "lines": [
    {
      "name": "U5",
      "color": "#7D533D",
      "shiftCoords": [
        0,
        0
      ],
      "nodes": [
        {
          "coords": [],
          "labelPos": "N"
        },
        {
          "coords": [],
          "labelPos": "N"
        },
        {
          "coords": [],
          "labelPos": "N"
        },
        {
          "coords": [],
          "labelPos": "N"
        },
        {
          "coords": [],
          "labelPos": "N"
        },
        {
          "coords": [],
          "labelPos": "N"
        },
        {
          "coords": [],
          "labelPos": "N"
        },
        {
          "coords": [],
          "labelPos": "N"
        },
        {
          "coords": [],
          "labelPos": "N"
        },
        {
          "coords": [],
          "labelPos": "N"
        },
        {
          "coords": [],
          "labelPos": "N"
        },
        {
          "coords": [],
          "labelPos": "N"
        },
        {
          "coords": [],
          "labelPos": "N"
        },
        {
          "coords": [],
          "labelPos": "N"
        },
        {
          "coords": [],
          "labelPos": "N"
        },
        {
          "coords": [],
          "labelPos": "N"
        },
        {
          "coords": [],
          "labelPos": "N"
        },
        {
          "coords": [],
          "labelPos": "N"
        }
      ]
    },
    {
      "name": "U2",
      "color": "#FF3300",
      "shiftCoords": [
        0,
        0
      ],
      "nodes": [
        {
          "coords": [],
          "labelPos": "N"
        },
        {
          "coords": [],
          "labelPos": "N"
        },
        {
          "coords": [],
          "labelPos": "N"
        },
        {
          "coords": [],
          "labelPos": "N"
        },
        {
          "coords": [],
          "labelPos": "N"
        },
        {
          "coords": [],
          "labelPos": "N"
        },
        {
          "coords": [],
          "labelPos": "N"
        },
        {
          "coords": [],
          "labelPos": "N"
        },
        {
          "coords": [],
          "labelPos": "N"
        },
        {
          "coords": [],
          "labelPos": "N"
        },
        {
          "coords": [],
          "labelPos": "N"
        },
        {
          "coords": [],
          "labelPos": "N"
        },
        {
          "coords": [],
          "labelPos": "N"
        },
        {
          "coords": [],
          "labelPos": "N"
        },
        {
          "coords": [],
          "labelPos": "N"
        },
        {
          "coords": [],
          "labelPos": "N"
        },
        {
          "coords": [],
          "labelPos": "N"
        },
        {
          "coords": [],
          "labelPos": "N"
        },
        {
          "coords": [],
          "labelPos": "N"
        },
        {
          "coords": [],
          "labelPos": "N"
        },
        {
          "coords": [],
          "labelPos": "N"
        },
        {
          "coords": [],
          "labelPos": "N"
        },
        {
          "coords": [],
          "labelPos": "N"
        },
        {
          "coords": [],
          "labelPos": "N"
        },
        {
          "coords": [],
          "labelPos": "N"
        },
        {
          "coords": [],
          "labelPos": "N"
        },
        {
          "coords": [],
          "labelPos": "N"
        },
        {
          "coords": [],
          "labelPos": "N"
        },
        {
          "coords": [],
          "labelPos": "N"
        }
      ]
    },
    {
      "name": "U1",
      "color": "#52B447",
      "shiftCoords": [
        0,
        0
      ],
      "nodes": [
        {
          "coords": [],
          "labelPos": "N"
        },
        {
          "coords": [],
          "labelPos": "N"
        },
        {
          "coords": [],
          "labelPos": "N"
        },
        {
          "coords": [],
          "labelPos": "N"
        },
        {
          "coords": [],
          "labelPos": "N"
        },
        {
          "coords": [],
          "labelPos": "N"
        },
        {
          "coords": [],
          "labelPos": "N"
        },
        {
          "coords": [],
          "labelPos": "N"
        },
        {
          "coords": [],
          "labelPos": "N"
        },
        {
          "coords": [],
          "labelPos": "N"
        },
        {
          "coords": [],
          "labelPos": "N"
        },
        {
          "coords": [],
          "labelPos": "N"
        },
        {
          "coords": [],
          "labelPos": "N"
        }
      ]
    },
    {
      "name": "U3",
      "color": "#15AC99",
      "shiftCoords": [
        0,
        0
      ],
      "nodes": [
        {
          "coords": [],
          "labelPos": "N"
        },
        {
          "coords": [],
          "labelPos": "N"
        },
        {
          "coords": [],
          "labelPos": "N"
        },
        {
          "coords": [],
          "labelPos": "N"
        },
        {
          "coords": [],
          "labelPos": "N"
        },
        {
          "coords": [],
          "labelPos": "N"
        },
        {
          "coords": [],
          "labelPos": "N"
        },
        {
          "coords": [],
          "labelPos": "N"
        },
        {
          "coords": [],
          "labelPos": "N"
        },
        {
          "coords": [],
          "labelPos": "N"
        },
        {
          "coords": [],
          "labelPos": "N"
        },
        {
          "coords": [],
          "labelPos": "N"
        },
        {
          "coords": [],
          "labelPos": "N"
        },
        {
          "coords": [],
          "labelPos": "N"
        },
        {
          "coords": [],
          "labelPos": "N"
        },
        {
          "coords": [],
          "labelPos": "N"
        },
        {
          "coords": [],
          "labelPos": "N"
        },
        {
          "coords": [],
          "labelPos": "N"
        },
        {
          "coords": [],
          "labelPos": "N"
        },
        {
          "coords": [],
          "labelPos": "N"
        },
        {
          "coords": [],
          "labelPos": "N"
        },
        {
          "coords": [],
          "labelPos": "N"
        },
        {
          "coords": [],
          "labelPos": "N"
        },
        {
          "coords": [],
          "labelPos": "N"
        }
      ]
    },
    {
      "name": "U4",
      "color": "#FFCD00",
      "shiftCoords": [
        0,
        0
      ],
      "nodes": [
        {
          "coords": [],
          "labelPos": "N"
        },
        {
          "coords": [],
          "labelPos": "N"
        },
        {
          "coords": [],
          "labelPos": "N"
        },
        {
          "coords": [],
          "labelPos": "N"
        },
        {
          "coords": [],
          "labelPos": "N"
        }
      ]
    },
    {
      "name": "U7",
      "color": "#0B9ADA",
      "shiftCoords": [
        0,
        0
      ],
      "nodes": [
        {
          "coords": [],
          "labelPos": "N"
        },
        {
          "coords": [],
          "labelPos": "N"
        },
        {
          "coords": [],
          "labelPos": "N"
        },
        {
          "coords": [],
          "labelPos": "N"
        },
        {
          "coords": [],
          "labelPos": "N"
        },
        {
          "coords": [],
          "labelPos": "N"
        },
        {
          "coords": [],
          "labelPos": "N"
        },
        {
          "coords": [],
          "labelPos": "N"
        },
        {
          "coords": [],
          "labelPos": "N"
        },
        {
          "coords": [],
          "labelPos": "N"
        },
        {
          "coords": [],
          "labelPos": "N"
        },
        {
          "coords": [],
          "labelPos": "N"
        },
        {
          "coords": [],
          "labelPos": "N"
        },
        {
          "coords": [],
          "labelPos": "N"
        },
        {
          "coords": [],
          "labelPos": "N"
        },
        {
          "coords": [],
          "labelPos": "N"
        },
        {
          "coords": [],
          "labelPos": "N"
        },
        {
          "coords": [],
          "labelPos": "N"
        },
        {
          "coords": [],
          "labelPos": "N"
        },
        {
          "coords": [],
          "labelPos": "N"
        },
        {
          "coords": [],
          "labelPos": "N"
        },
        {
          "coords": [],
          "labelPos": "N"
        },
        {
          "coords": [],
          "labelPos": "N"
        },
        {
          "coords": [],
          "labelPos": "N"
        },
        {
          "coords": [],
          "labelPos": "N"
        },
        {
          "coords": [],
          "labelPos": "N"
        },
        {
          "coords": [],
          "labelPos": "N"
        },
        {
          "coords": [],
          "labelPos": "N"
        },
        {
          "coords": [],
          "labelPos": "N"
        },
        {
          "coords": [],
          "labelPos": "N"
        },
        {
          "coords": [],
          "labelPos": "N"
        },
        {
          "coords": [],
          "labelPos": "N"
        },
        {
          "coords": [],
          "labelPos": "N"
        },
        {
          "coords": [],
          "labelPos": "N"
        },
        {
          "coords": [],
          "labelPos": "N"
        },
        {
          "coords": [],
          "labelPos": "N"
        },
        {
          "coords": [],
          "labelPos": "N"
        },
        {
          "coords": [],
          "labelPos": "N"
        },
        {
          "coords": [],
          "labelPos": "N"
        }
      ]
    },
    {
      "name": "U8",
      "color": "#055A99",
      "shiftCoords": [
        0,
        0
      ],
      "nodes": [
        {
          "coords": [],
          "labelPos": "N"
        },
        {
          "coords": [],
          "labelPos": "N"
        },
        {
          "coords": [],
          "labelPos": "N"
        },
        {
          "coords": [],
          "labelPos": "N"
        },
        {
          "coords": [],
          "labelPos": "N"
        },
        {
          "coords": [],
          "labelPos": "N"
        },
        {
          "coords": [],
          "labelPos": "N"
        },
        {
          "coords": [],
          "labelPos": "N"
        },
        {
          "coords": [],
          "labelPos": "N"
        },
        {
          "coords": [],
          "labelPos": "N"
        },
        {
          "coords": [],
          "labelPos": "N"
        },
        {
          "coords": [],
          "labelPos": "N"
        },
        {
          "coords": [],
          "labelPos": "N"
        },
        {
          "coords": [],
          "labelPos": "N"
        },
        {
          "coords": [],
          "labelPos": "N"
        },
        {
          "coords": [],
          "labelPos": "N"
        },
        {
          "coords": [],
          "labelPos": "N"
        },
        {
          "coords": [],
          "labelPos": "N"
        },
        {
          "coords": [],
          "labelPos": "N"
        },
        {
          "coords": [],
          "labelPos": "N"
        },
        {
          "coords": [],
          "labelPos": "N"
        },
        {
          "coords": [],
          "labelPos": "N"
        },
        {
          "coords": [],
          "labelPos": "N"
        }
      ]
    },
    {
      "name": "U9",
      "color": "#FF7300",
      "shiftCoords": [
        0,
        0
      ],
      "nodes": [
        {
          "coords": [],
          "labelPos": "N"
        },
        {
          "coords": [],
          "labelPos": "N"
        },
        {
          "coords": [],
          "labelPos": "N"
        },
        {
          "coords": [],
          "labelPos": "N"
        },
        {
          "coords": [],
          "labelPos": "N"
        },
        {
          "coords": [],
          "labelPos": "N"
        },
        {
          "coords": [],
          "labelPos": "N"
        },
        {
          "coords": [],
          "labelPos": "N"
        },
        {
          "coords": [],
          "labelPos": "N"
        },
        {
          "coords": [],
          "labelPos": "N"
        },
        {
          "coords": [],
          "labelPos": "N"
        },
        {
          "coords": [],
          "labelPos": "N"
        },
        {
          "coords": [],
          "labelPos": "N"
        },
        {
          "coords": [],
          "labelPos": "N"
        },
        {
          "coords": [],
          "labelPos": "N"
        },
        {
          "coords": [],
          "labelPos": "N"
        },
        {
          "coords": [],
          "labelPos": "N"
        }
      ]
    },
    {
      "name": "U55",
      "color": "#7D533D",
      "shiftCoords": [
        0,
        0
      ],
      "nodes": [
        {
          "coords": [],
          "labelPos": "N"
        },
        {
          "coords": [],
          "labelPos": "N"
        },
        {
          "coords": [],
          "labelPos": "N"
        }
      ]
    },
    {
      "name": "U6",
      "color": "#8070B7",
      "shiftCoords": [
        0,
        0
      ],
      "nodes": [
        {
          "coords": [],
          "labelPos": "N"
        },
        {
          "coords": [],
          "labelPos": "N"
        },
        {
          "coords": [],
          "labelPos": "N"
        },
        {
          "coords": [],
          "labelPos": "N"
        },
        {
          "coords": [],
          "labelPos": "N"
        },
        {
          "coords": [],
          "labelPos": "N"
        },
        {
          "coords": [],
          "labelPos": "N"
        },
        {
          "coords": [],
          "labelPos": "N"
        },
        {
          "coords": [],
          "labelPos": "N"
        },
        {
          "coords": [],
          "labelPos": "N"
        },
        {
          "coords": [],
          "labelPos": "N"
        },
        {
          "coords": [],
          "labelPos": "N"
        },
        {
          "coords": [],
          "labelPos": "N"
        },
        {
          "coords": [],
          "labelPos": "N"
        },
        {
          "coords": [],
          "labelPos": "N"
        },
        {
          "coords": [],
          "labelPos": "N"
        },
        {
          "coords": [],
          "labelPos": "N"
        },
        {
          "coords": [],
          "labelPos": "N"
        },
        {
          "coords": [],
          "labelPos": "N"
        },
        {
          "coords": [],
          "labelPos": "N"
        },
        {
          "coords": [],
          "labelPos": "N"
        },
        {
          "coords": [],
          "labelPos": "N"
        },
        {
          "coords": [],
          "labelPos": "N"
        },
        {
          "coords": [],
          "labelPos": "N"
        },
        {
          "coords": [],
          "labelPos": "N"
        },
        {
          "coords": [],
          "labelPos": "N"
        },
        {
          "coords": [],
          "labelPos": "N"
        },
        {
          "coords": [],
          "labelPos": "N"
        },
        {
          "coords": [],
          "labelPos": "N"
        }
      ]
    }
  ]
}
